age,sex,bmi,altitude_experience,smoking_status,fitness_level,prior_ams_history,ascent_rate,target_altitude,ams_label,ams_risk_prob,participant_id
38.04717079754431,0,22.940830841853437,0,0,4,0,436.7994088031451,5546.332499023871,0,0.6261976652443687,0
24.600158937595044,0,22.31023444446374,0,0,3,0,646.7889295497447,3000.0,0,0.4460014781431532,1
42.50451195806457,1,27.046944632969044,0,0,3,0,419.25513570250257,4455.637300153669,0,0.5589675852643785,2
44.405647163912136,0,29.177460787359806,0,0,3,0,494.3367448327204,4467.924070316451,1,0.47131474059705813,3
18.0,0,30.280295191101256,1,0,4,0,262.8033827733511,3918.4045020741223,0,0.3112483810016633,4
21.97820493137682,1,28.601827550270666,1,0,1,0,605.6285517684751,6407.088830385499,1,0.8225139969941819,5
36.278404031672856,1,23.615930364294357,0,0,5,1,791.1300408772803,4447.045893848991,1,0.649935509302405,6
31.837574076564177,1,25.2345205705922,1,1,3,0,608.1838059199688,4173.815382716453,0,0.4804167501191847,7
34.83198842495711,0,26.683880051244852,2,1,4,0,719.2698751320958,4520.769690746804,0,0.5542561079431895,8
26.4695607242642,1,24.424122822548117,1,0,3,0,373.08467957340036,3000.0,0,0.4679619523470234,9
43.79397974862829,1,24.457674657690404,2,0,1,0,535.4486423042301,3892.1056597240677,1,0.3268853370034778,10
42.77791935428948,0,26.883135961566637,1,1,3,0,358.52601134459155,5286.591975556324,0,0.5909618873357128,11
35.66030697561216,1,23.792510738909236,2,0,3,0,465.8351681627986,3996.84371605378,0,0.23053627940256893,12
46.27241206968033,0,21.447495722692185,0,1,3,1,615.8317216028757,3836.8998697597826,1,0.68502812346157,13
39.675093422520455,0,22.549344269574494,0,0,3,0,515.2730919654948,5547.620509211521,0,0.6706871605527955,14
26.40707537116762,1,26.2186863220681,0,1,2,0,288.10384660981674,5572.203520761463,0,0.717770219590724,15
38.68750784082499,0,24.010476519199845,1,1,3,0,302.745634169337,4913.592377728914,0,0.5918738718402375,16
25.41117399171001,0,25.190734919039183,0,0,3,1,292.82541027638393,4135.906132769066,0,0.550947701090903,17
43.78450301307272,1,26.345277347707665,0,0,5,0,573.7178884909385,4308.423147906941,0,0.5092135397366605,18
34.50074089013747,1,22.688054879858367,2,0,2,0,809.5841803485002,3856.6800307400326,0,0.5078836347049803,19
33.151376364547396,1,26.64686857270432,0,0,3,1,704.368736600032,3704.1815047770842,0,0.6089955623463129,20
28.190704555960586,1,25.325949112104382,0,0,2,0,215.60222012809032,3664.466809353254,0,0.3202328057496693,21
47.2254133867403,1,19.678154195809825,0,1,3,1,713.1613907104676,4005.556474571834,0,0.8685746194436074,22
33.45470517931198,0,29.048066769151855,1,0,3,0,640.4600625521971,3672.223207452204,0,0.288565026741281,23
30.716721778368928,0,22.247393396850793,0,0,3,0,268.20500817068637,3249.035905165481,0,0.31927150217246125,24
31.478664495117705,0,18.207166298851856,0,1,5,0,454.51975749342535,4675.522135803125,1,0.39226911129259695,25
40.32309185553349,0,20.342347016447942,0,0,2,0,664.3283617243715,4687.676464714749,1,0.7439538713901204,26
38.65444064364078,1,20.426341937625875,2,0,4,0,582.5650266402178,5860.634206742653,0,0.7018978887742182,27
39.12732611595988,0,24.182606615301367,2,1,1,0,303.63574214180215,3965.329305316238,0,0.31417158190646005,28
39.308210030078826,0,23.04152323058817,1,0,2,0,591.6113233694291,4736.880471698616,0,0.5800598587851751,29
56.41647600870461,0,22.821088113257925,1,0,3,0,200.0,4750.170063419841,0,0.5944591866322775,30
30.935849836153842,0,26.168956879188677,2,0,1,0,466.5766736364183,4296.929951099573,0,0.3462949334570783,31
29.877572709284628,1,25.189563764174462,2,1,3,0,670.6935154100073,5095.46687099974,0,0.6931320029407131,32
26.862272717521222,0,25.106167547255,1,0,4,0,502.759132335698,5120.183349480571,0,0.5490513126175888,33
41.15979422575496,0,25.434399600650423,2,0,4,0,425.15936750570813,4761.928876158032,0,0.4154330365482074,34
46.28972292720891,0,26.156471338007833,2,0,3,1,633.4019380658524,4295.488235961763,0,0.6565455925106078,35
33.86052542345125,0,18.0,2,0,3,0,646.2127722629872,4213.975913156372,0,0.42864561201699436,36
26.59843523037472,1,22.724466117074385,1,1,3,0,696.5059539300426,3405.7968809623526,0,0.48385089479336574,37
26.755187843087604,0,18.0,0,0,1,0,631.1513642669581,3855.2657771058466,0,0.5062436230054742,38
41.50592787824701,0,24.126209743792284,0,1,1,0,662.206219090572,4002.39398087865,1,0.5290390845572656,39
42.43254171203442,0,23.98378459721479,1,0,4,0,609.9362836156301,3600.822590056453,1,0.4559681020718729,40
40.43154268305195,1,27.659362961763883,1,0,5,0,539.8292973674708,4851.939173350132,0,0.3731475120497206,41
28.344902927113058,1,28.15672037452392,1,1,1,0,513.4263499645721,5457.302295189608,0,0.7183313452200822,42
37.3216132306672,1,24.709712668883284,1,0,3,1,464.4110421353897,3773.55005413668,1,0.41428934232972425,43
36.166858091407285,1,22.24873622911085,1,0,4,1,318.14475604104115,4726.75314859571,1,0.6996086084485036,44
37.18688596729013,1,25.69806389391008,2,1,4,0,356.7032736770287,3672.7110883762316,0,0.19109076653873247,45
43.7142877794819,0,22.152288269364902,0,0,3,1,457.6978277097186,4256.06226324867,0,0.5579623314407366,46
37.23595548774682,0,23.99512571994828,0,0,3,1,536.2178239403644,3947.7363366577792,0,0.4614737597690404,47
41.789135630718945,1,27.45147710936269,2,1,4,0,716.1218897006395,4981.516518885153,0,0.662111193753923,48
35.67579069488892,0,22.047800289037017,2,0,4,0,493.7304158186731,3956.9694609262574,0,0.1698889665547505,49
37.89119398689984,1,26.819875237348754,2,0,2,0,650.5214436316496,5309.328330965317,0,0.6080774107525851,50
41.3128822583854,0,26.370904790423058,2,0,5,0,661.8973484648182,4303.423381070241,1,0.26540474027162037,51
20.428441801443334,1,20.658228640042125,2,0,1,0,465.28298034668137,3980.317032324135,0,0.4181216287872721,52
31.803287836426986,1,27.408629448760905,0,0,4,0,589.2035317055276,3497.3557901238696,0,0.29441176178127926,53
30.296273457072047,1,26.44498220880027,1,0,1,0,463.47079374127077,4702.56360823628,1,0.38855684307005706,54
28.61122151756658,1,24.3567406058043,0,0,2,0,698.3203841117715,5216.174721780944,0,0.8001030213590844,55
32.248577487733165,1,21.33186789690322,1,0,1,0,595.3765007398898,4718.657005229499,0,0.4601757509645687,56
49.94941311234396,1,20.992778934985505,2,0,3,0,321.4274367967467,6291.065333131539,0,0.7707525699661399,57
26.341688843067566,0,22.118180980839423,0,0,3,0,524.228697823077,5643.829961976335,1,0.6467983993628182,58
44.68278354591481,0,25.89908062152186,1,0,2,0,747.216824273582,4253.977788226388,1,0.7141424278112464,59
18.171302283841953,1,20.65531191409511,0,0,3,0,472.8153448179948,4245.5780529543445,1,0.540885911187793,60
31.651149700142252,0,25.531292870169544,0,0,3,1,567.1572545142602,4875.757375588282,0,0.6584379536946657,61
36.62753065105006,0,19.653855648925628,0,0,4,1,581.8818256608718,3829.584655659452,0,0.4449824535261408,62
40.86222331359278,1,23.28575995446403,0,1,4,1,344.5065651253099,5433.030645225989,0,0.8130265662987466,63
42.11226579792855,1,24.38376714100903,2,0,4,1,576.6061923820271,4789.280417474867,0,0.632726957290768,64
42.93347235199925,0,32.55795550770621,1,0,2,1,290.9247271948061,4705.167128686826,1,0.6634209721028977,65
31.512749277515624,0,19.179395205678716,2,1,2,0,406.15638403979057,5049.562934216653,1,0.6191545764656377,66
30.376482073354328,0,29.152050982715465,1,0,5,0,661.3584451241288,5878.263906695247,0,0.6641564117499362,67
43.57975881257154,0,24.52444844895548,0,0,1,0,553.5134435462537,4636.764281750005,1,0.5981816712575742,68
33.08695675118385,1,25.43910171305587,0,0,3,0,454.328328838021,4409.567703302892,0,0.4752590753091845,69
22.24313676662078,0,24.414217696858717,2,0,5,0,566.9691531867782,5706.975698658062,0,0.6966889885122314,70
23.66712785996519,0,25.556543863683316,0,0,5,0,490.9861628367303,5274.040332792908,1,0.5677390932420849,71
25.805477139983886,1,23.462102134732937,2,0,3,1,501.886775352775,4243.216127693022,0,0.5192994926126997,72
39.97160744053764,0,29.089175635101103,0,0,4,0,598.5227790080206,4504.149158927216,0,0.3632429690093962,73
36.42425736070565,0,22.40235099521347,1,1,3,1,390.89483890113024,4656.3047327510385,0,0.5543056318068316,74
41.904853540677685,1,27.96282100262737,2,1,4,0,506.0504608332036,4789.450355683986,1,0.47511869942455454,75
30.72747353663466,1,21.74471507925442,0,0,1,0,453.15977080900205,3414.720119248709,0,0.3400236419771522,76
36.585396910767145,1,23.789118537595495,0,0,2,0,262.15949380996165,3266.0123137587516,0,0.311640710562508,77
41.25590393967337,1,20.248131066984232,2,0,3,0,361.93163656260504,3790.0879823980367,0,0.3300451603150288,78
31.906534602797617,0,25.59258302121632,0,1,2,0,735.2309670595748,3728.209245590926,0,0.4380590300920975,79
39.567752375574116,1,29.05794084924287,1,0,4,0,557.7084971877852,3984.940788821998,0,0.31335290212719563,80
28.380740589333488,1,23.72925337062701,1,0,3,1,301.4617547897916,5007.768513672004,0,0.7028731863452957,81
31.369461534349284,1,23.310900054536315,0,0,4,0,268.9468436227384,4364.856674940209,1,0.3337685550919857,82
31.182621060016707,1,20.098840629262256,2,0,4,0,483.1754149834124,4657.11568400815,0,0.4686166273586714,83
23.041603544109606,1,23.19747571256692,2,0,3,0,734.1779799764723,3520.5572719661905,1,0.5147112212456284,84
39.86972480785582,1,18.425220090974655,0,0,4,0,471.9862797793471,4130.686237663243,0,0.37020124249965697,85
30.305976597972762,0,20.804927046484103,2,0,2,0,696.0499330106024,4969.806129395873,0,0.7421349343178939,86
35.124941187276875,1,24.793751161381973,0,1,3,0,552.7896156227986,4975.961966541441,0,0.46118325887854655,87
39.80746658905909,0,28.616546192094887,0,0,2,0,570.687568676884,3920.3409374496737,1,0.41501404447149676,88
39.46531176029944,1,33.83223801430326,1,0,4,0,299.64192360431457,4629.329909103642,0,0.42637854818824766,89
41.653851089727866,1,21.946952202251847,2,0,4,0,640.6284382624636,6259.078282785866,0,0.6812743383571572,90
34.01514515490577,1,29.02355054825904,0,0,5,0,449.7601944089589,4485.921656595489,0,0.3797054207101305,91
30.76701687955846,1,24.85313368140577,0,0,4,0,629.4638680416363,3945.450443086044,0,0.3273917017518351,92
34.20281789093601,0,23.470633236387684,1,0,5,0,377.8745027020831,4360.990088510272,0,0.34905974324529826,93
18.1266556604197,1,25.514080581041533,2,0,2,0,526.5574021264869,4573.741686021466,0,0.5977332675768244,94
20.528875275769128,1,24.216707692879858,0,0,5,0,552.8004430906448,4379.065295447561,0,0.49588360873576715,95
21.773003876455977,0,24.386385039642764,0,0,3,0,476.89500251362,4474.916239458798,0,0.3652052297787322,96
25.027531723985184,0,22.57083393010666,1,0,3,0,560.6817789629235,3345.2425624505286,0,0.28215063151997966,97
38.997742267234365,0,19.106616190704024,0,0,3,0,460.0404387211237,3729.895619931239,0,0.3400137337151017,98
25.945209446399392,1,18.597311791172714,0,0,3,0,402.64103704380807,4380.531810342802,1,0.45348542853834994,99
31.218374459606103,0,26.286357091484295,0,0,2,0,740.8225074190947,4367.78562398205,0,0.4172809868276314,100
47.992282977860654,1,23.031549684700003,1,0,2,1,657.3429299542163,4047.0485801119994,1,0.7742440926513201,101
31.43736028938574,0,21.913688851203418,1,0,1,0,385.8702882427735,4358.389131138851,1,0.43577378158137386,102
42.375155684670865,1,24.029769693531037,2,1,3,1,585.2666458391919,4548.811884331364,0,0.6207990403892187,103
25.66382319990123,0,26.782262885204695,1,1,4,0,388.59817179482707,5211.530765219621,1,0.651291289282199,104
32.9456244213237,1,24.631273800592393,1,1,3,0,322.2973034506514,4420.63061181916,0,0.35981716733969166,105
25.499779450894188,0,21.703807721756615,2,0,3,0,655.0714162098465,4819.282564238602,1,0.5270104676130118,106
31.609669240994375,1,28.292025344771325,1,0,3,0,244.38505615288915,4066.7197588528634,0,0.34507827195721374,107
43.40308137457396,1,29.527149260435714,1,0,3,1,639.0283870364811,4957.676578878785,1,0.8546747401803445,108
18.0,1,25.730948293629986,2,1,2,0,462.0916531140412,4800.584238089886,1,0.6921125583470268,109
39.344236435458576,1,27.407822289704317,0,1,4,0,468.2680095379207,5192.653602543855,0,0.6035384637124842,110
37.377356023322776,0,28.346859988848337,1,1,2,0,561.4626829434934,5070.76836995559,0,0.6364527033244156,111
29.058500443032056,0,27.9553476074158,2,1,4,0,587.1798217991378,4970.988498304917,0,0.5969987859807487,112
20.539421456115456,0,26.149347119894184,0,0,4,0,376.0485234756638,4421.266073073776,0,0.3799340421866393,113
35.7212950771387,0,26.09421466476209,1,1,3,1,607.6588413125095,4695.951381635575,0,0.7426567979706182,114
29.705072909361974,1,25.818812006712758,0,1,4,0,517.0055807037835,5350.807142761221,1,0.5720568148852634,115
37.32676211354704,1,20.159318139085347,0,0,2,1,311.59178106979425,3978.3403444777646,0,0.5650299454179152,116
35.21852145523443,1,26.45253104900855,1,1,4,0,474.51882746303914,3997.2737770425074,0,0.2836903311549808,117
51.01778891320916,1,19.25465110105706,0,0,4,0,707.1918523338388,4645.145118360289,0,0.7055421325159319,118
32.606443725269756,1,21.218901907062307,2,1,4,0,751.4892197368545,4832.223752212363,1,0.6161818364764019,119
24.765025073781352,1,28.562477737328308,2,1,4,1,607.6022686413016,3840.7148005887966,0,0.3375979679683625,120
36.79275634956316,0,26.94077056942969,2,0,4,0,321.44847677474445,4440.189949269354,0,0.3263132712440995,121
37.19996683971765,0,29.20589401390052,0,0,5,0,573.5910353683832,4424.800980616972,0,0.45586981152834044,122
48.59187575240436,1,23.04913965709448,0,0,3,0,627.629135578879,3000.0,0,0.48735824076102896,123
43.35111245914578,1,19.967129055531313,0,1,4,0,608.8561974978084,4324.324808592992,0,0.5192579158850809,124
38.56871059149509,0,23.1584698102538,0,1,4,0,617.7431433031877,4374.145733721227,1,0.6273929209574555,125
49.63302891219562,1,24.35710954034201,2,0,3,0,554.4894618871297,4371.765645741585,0,0.48118274805002687,126
23.11236945677149,1,24.276460507190034,1,1,5,0,489.13814917541845,5632.7314196618145,0,0.6764444402588695,127
28.602484672502523,0,27.967881675648457,0,0,3,0,408.74487561439724,3527.3613611928995,0,0.384680867719716,128
25.73424058594475,0,22.73555351248794,2,0,3,0,215.30967222477557,3840.3019430363097,0,0.313668756403152,129
31.10190196844232,1,25.232120651310236,0,0,2,1,550.9462650070026,3000.0,1,0.47199843194919977,130
21.23313852443691,1,20.53980497697888,0,0,2,0,527.9079265478283,4115.266667060688,0,0.3130665563232456,131
41.351509468144044,0,25.576110473153346,0,0,4,1,583.6363764237224,4183.485156699199,0,0.580160430879024,132
32.777773029012266,1,24.01087992564973,1,0,3,1,299.3684460060659,4092.018258932595,0,0.5532878989465393,133
20.29193705497342,0,21.37565331600419,2,0,3,0,596.752503397259,5386.141871587008,0,0.6491208172183277,134
24.844209187924584,1,23.174597232388017,0,0,2,0,808.1817641931166,5188.494017869571,0,0.8453907198240528,135
38.13513847450195,0,23.355384887196724,2,1,3,0,511.7675196166867,4562.285379413844,0,0.4245040120987555,136
43.38126567894381,1,23.054457047320163,2,0,4,0,490.75020211901887,4203.50955716811,0,0.4080554143108783,137
54.967308916917865,0,30.19969434793689,2,1,4,0,546.3503534128552,5320.951734485491,0,0.6519720990580335,138
64.1386246600733,0,23.65543899192242,0,0,1,0,804.8505537065507,4484.1937121313185,1,0.8522789865770132,139
39.14409433275996,1,23.146363614379318,0,0,3,0,346.4528357450164,3845.383968865234,0,0.3566638398790985,140
25.104618799681358,0,18.0,2,0,3,0,530.4810400090857,3127.001058012359,1,0.39264325571750197,141
18.0,0,20.870274268071828,0,0,3,1,380.0513866553534,4146.948404883454,0,0.5270286540394558,142
37.67711462343836,0,23.079243014402763,1,0,3,0,417.9492918732508,5103.714893738087,0,0.46768937008287675,143
26.87058904689674,1,21.59951563338175,2,0,3,0,492.5614538177091,6321.230951634472,1,0.7356415756588649,144
30.846427398203147,1,28.83597657682229,0,0,3,1,702.0984862420338,4549.288276951581,0,0.8329440641416179,145
28.879032009401918,1,23.422717786113235,2,0,3,0,770.1485901033105,3887.7155879037564,0,0.482977320184327,146
33.59209113583615,0,28.509554872613883,2,0,3,0,567.221321694006,3552.0278333726287,0,0.24621351992847226,147
45.65980230787643,0,24.215966219176288,1,0,3,1,443.5107915464772,4941.563917044479,0,0.750840972476127,148
36.570485674453444,0,24.13029742747552,1,1,4,0,873.9108299957777,3088.3071580925853,1,0.5300201922362812,149
33.41365162961311,1,23.689212433006247,2,0,4,0,435.86682780057197,4940.27608112391,1,0.37341337297051624,150
24.643462471741884,1,24.013286880675107,1,1,3,0,414.32961284603937,5154.16928501033,0,0.6284131662837383,151
18.25317055295643,1,30.01578251067451,1,1,4,1,233.75854331319096,4849.0235625862915,0,0.7991243866434876,152
30.136920909266692,1,18.0,2,1,4,0,709.4137353867116,4324.270662449154,1,0.6392186035866259,153
34.462174491816796,0,18.0,1,1,2,0,645.2368388556941,4951.952522837451,1,0.6794164113502691,154
52.67929913579883,1,22.0989020913036,0,0,3,0,862.670830417467,4636.75069690264,0,0.7633589022299061,155
36.30274521472886,0,24.05084758678149,0,0,2,0,291.5714971672811,3877.500926511527,0,0.33036946486868146,156
44.827395110230576,0,26.415365486674045,0,0,4,0,718.7256211218664,5980.32985790002,1,0.8508096067314048,157
30.00704401460848,0,25.655805193096164,1,1,2,0,510.5203277549191,4218.656496311587,0,0.4190048734731615,158
23.150562335829754,0,22.655139304918006,1,0,4,1,620.9150325200204,5120.601840359927,0,0.7946313692363463,159
25.34883237767628,0,27.56665292634617,1,0,2,0,252.83342883432934,3000.0,0,0.2610867398578471,160
27.74773935464247,0,27.605683911034557,0,1,3,0,720.2122733997946,5521.176706224744,1,0.8591447110108693,161
56.28469732435164,0,24.64420240945048,2,0,5,0,617.9775126997746,5675.0109957236655,0,0.6528694578403389,162
26.786133207756137,1,27.369301503703944,2,0,3,0,494.16349478206735,4523.8670297013105,0,0.3681137844281828,163
43.38489203736345,0,24.95425842201245,0,0,4,0,596.7669031491682,4947.016827790207,0,0.6032171441096814,164
25.970728219129736,0,22.034809406259907,1,0,5,0,385.17570484366263,4946.8121452860505,0,0.6114195900321042,165
44.315730128742445,1,26.442358936500018,1,0,4,0,413.0839871627451,3985.7731442874206,0,0.29514962119741567,166
38.84950966105863,1,24.387145929025372,1,1,2,0,430.4833079561906,4937.697844351473,0,0.4953636151190401,167
33.43362102341909,1,24.004689463640705,0,0,4,0,222.0908207464583,3853.0956241019558,0,0.25144281963777376,168
34.59237473864566,0,29.15533750266351,2,0,1,0,629.2637741305051,4012.994461083739,0,0.5205971063614778,169
28.452123045706095,1,18.0,2,0,3,0,678.7390421273849,5401.554514569839,0,0.4725564145060365,170
39.4607220148208,0,19.038105404441506,1,0,4,1,394.79837753542375,5279.7261525601625,0,0.6295518833717916,171
30.4501651965922,0,19.845253507689705,2,0,4,0,552.2304523917228,3934.899598307366,0,0.4753319718448865,172
22.743942362327516,1,22.72858773350918,2,1,3,1,460.16892880561454,3913.1389251991677,1,0.581710845595364,173
22.22062425680381,1,23.108871405818896,0,1,3,1,549.2410943121546,3983.5227180338625,0,0.5834497212678962,174
36.725879177221195,1,18.724360232794332,1,0,4,0,405.86341381834563,5086.111653172393,0,0.4604042650880257,175
50.790912564104346,1,20.55194688691211,1,0,4,1,367.4862265868546,3700.0121753516823,1,0.5016182139143022,176
36.59991613573438,1,20.987054125167504,2,0,3,0,657.8112329035614,4785.370111228762,1,0.5779336010794734,177
33.813616738901175,0,32.60098432226562,0,0,4,0,490.41941223132613,5097.477448507436,0,0.6336831008411871,178
37.858261396025426,0,30.306096817115012,1,0,2,0,803.3163426280214,4429.40363976552,0,0.6540446896602902,179
48.06001741706825,0,22.558877038103727,2,0,2,0,506.946494719121,5308.050957491942,0,0.5730342610273185,180
37.193825013638566,0,22.727458483926203,0,0,3,0,361.08829394742617,4256.551864408166,0,0.4364343128550845,181
30.89072769166263,1,19.97778600984097,2,1,5,0,684.0411314653909,4328.915519204868,0,0.3983397564371141,182
46.062887100598886,0,18.0,0,0,2,0,594.620024621903,3718.2030150945147,0,0.3674662036452489,183
39.28756438461613,1,23.590919347570164,2,1,2,0,609.0309295544636,5313.741878096164,1,0.5313471986954279,184
50.35755991995992,1,20.50751805864591,2,0,2,0,678.5901018301878,3886.7836424169036,0,0.3786096633742846,185
36.83234437221906,1,23.703023139182967,0,1,4,0,402.0805559231308,4779.817454172047,0,0.41542083999942425,186
22.755309682794998,0,18.39927952834783,2,0,2,0,480.91200365220686,4442.947146299252,0,0.35633987248710913,187
21.31840800754335,0,21.333089395914097,0,0,3,0,474.282525276831,3657.77354951067,0,0.38447867118276857,188
51.509279322312494,1,24.52019483355991,1,1,5,0,306.3880194626572,4012.717484941343,0,0.303644212901245,189
52.23665720783297,1,25.281733592243782,1,1,1,0,460.4614774762635,5606.297791232587,1,0.5630926865358085,190
33.20480786717399,1,25.461151855597052,2,0,3,0,700.4569186815236,4661.326034107585,0,0.44720936042181125,191
31.168126788640123,1,19.378288555450368,0,0,3,0,535.600715569077,3692.6797269065264,0,0.29012036245278466,192
49.61444292242202,1,26.991400055474465,0,0,4,1,298.0908008232518,4744.262629878954,0,0.6687408051202988,193
23.929543179565123,0,21.199259061893525,1,0,3,0,266.6240882502598,4383.108774724364,0,0.543713782184728,194
26.052729810441736,1,26.215002701125574,1,0,3,0,749.7164088122407,6500.0,1,0.8188394776093172,195
41.433267946890446,0,23.962764631836325,1,1,2,0,486.45214846173053,4728.099073073818,0,0.5904556634050744,196
31.053948771404105,1,19.182643753227183,0,0,4,1,402.8884691447574,4195.500122346908,0,0.5366371801819433,197
34.948781332799285,1,22.89330803396584,0,0,4,0,458.90123526544954,5636.022334229683,0,0.5874325911105133,198
33.36557101475488,1,25.278773097223187,2,0,2,0,278.4038368524002,3027.1710661657235,0,0.20357779817448224,199
38.375745487989334,0,26.145378831661098,0,0,3,0,713.4642724267429,4575.456125104878,0,0.6000377687254289,200
49.07481861313717,0,23.506542358944536,0,0,4,0,441.04205936209553,6095.542795744858,0,0.7113342150208288,201
35.90584906901746,1,29.361226117103683,2,0,1,0,705.1102291607633,4407.040572512196,0,0.5433394391766995,202
41.43938793276858,0,27.526287698452958,0,0,2,0,507.7477571670973,3113.3591642815372,0,0.3280649713141395,203
18.0,0,23.101710592600867,1,0,3,0,714.429796185266,4183.265628471522,0,0.5268118139927946,204
34.51281598069882,0,26.625426342479305,0,1,3,0,538.5041748564628,5663.614432767229,0,0.7456238496556474,205
26.56769729707129,0,30.768277198158653,2,0,2,0,627.9848994303613,4800.8556770566165,0,0.6054240986166045,206
22.811869395763722,0,30.861696102740595,1,1,3,0,607.8639569132505,3828.9151123899856,0,0.4198238131484015,207
26.21847633071249,1,19.70200041712126,2,0,2,1,593.4936599377957,3951.805754256781,0,0.5899911809003092,208
31.65876559299188,0,20.757134110949973,0,0,3,0,552.1901715774065,4052.239783080149,0,0.3824506468833642,209
44.15902542356013,0,29.19721575356848,1,0,4,0,465.07239258266225,4788.958307243197,0,0.39980257306946443,210
21.73607282260436,0,20.29601632206827,2,0,3,0,787.315203735929,5570.556906350923,1,0.8035971177432668,211
35.30631492594417,0,19.371106033479123,0,0,1,1,363.9594522356149,5341.938410239337,1,0.7416073751109052,212
30.158305666664216,0,22.298320542553334,0,0,4,0,500.64614635147393,4864.809745687303,0,0.4133379059700447,213
31.723269056380392,1,25.47079348316105,0,0,2,1,502.2328812811393,3434.6841919540134,0,0.37887414990275037,214
45.027578253046045,0,23.641611526861162,2,0,4,0,560.3661130015282,3437.653988805247,0,0.2663625693627141,215
40.38115437003926,0,21.72302732858043,1,0,3,0,435.57910311582486,4926.601616971011,0,0.5315771781026045,216
48.373981074427434,0,21.640256383964218,1,0,4,0,547.2119458384382,3423.6231216536844,1,0.28842565675549653,217
33.454943207500996,0,21.50682027455552,1,0,2,0,474.6736122195551,4319.546383145116,1,0.5633389190095816,218
28.04057388329297,0,20.9217162996937,1,0,2,1,262.7071223843151,4743.3203569489415,0,0.7299716505958965,219
32.761411831195005,0,31.985715070466217,1,0,3,1,501.43284293852696,3589.924803709849,0,0.5219247350673658,220
37.42496791271222,1,25.04128874914944,1,0,1,0,334.91520004547726,3680.5901325129093,1,0.356938226407112,221
36.76573358453711,0,27.103656690416585,1,0,2,1,239.84213563266485,4424.703148345745,0,0.7088610456295663,222
24.156119277666335,1,22.288228861583768,0,1,4,0,520.5309981034078,4902.920230019243,0,0.5288426919884612,223
35.90489781627874,0,23.34915162984883,2,0,4,0,573.182501302935,5349.215016331005,0,0.3380233035516766,224
37.28228330138905,0,21.502561065203757,2,0,1,0,579.0047063156865,4985.642747816441,0,0.521456064420207,225
60.174740375339205,0,18.0,0,1,4,0,585.0756060529541,4558.925275993755,1,0.7077804532373925,226
53.768446112816704,1,19.176967531032467,1,0,4,1,210.11164685890844,3903.0441971543605,0,0.5679008144059446,227
26.4675664944118,1,18.0,0,1,4,0,295.8474608138796,3643.2744033243844,0,0.3545987811984838,228
32.12616638450824,0,18.0,2,1,4,0,796.0282155220507,4091.298329336682,0,0.6050486804852503,229
20.36557998162997,0,19.816243589956642,2,0,4,0,342.9186859884446,4827.948467984454,0,0.503027768959769,230
29.092929860365135,0,28.63734487783571,2,0,3,0,591.6261546705034,4769.298965301874,1,0.5544676661873869,231
38.156050035903405,0,23.84447341303476,0,0,4,0,396.9593567501231,3000.0,0,0.2184559159177097,232
47.05853620888234,1,28.51697316812411,0,1,5,0,511.95091089013465,3871.4583773859977,0,0.29892639588372505,233
27.709161622563915,0,25.438439019153062,0,0,2,0,405.0118696589609,5463.606041284925,1,0.76190712913267,234
28.458535599322033,0,26.73895589000306,0,0,3,0,584.2311731929467,4563.372038243311,0,0.537861618928063,235
18.0,1,20.84686051643399,0,0,1,0,520.5161175975048,3366.392869517611,1,0.4096480755902275,236
33.37334079455092,0,25.833828339674348,0,0,5,0,432.75653395336496,6384.656945278521,0,0.6135789648072603,237
24.37585588140437,0,26.55049981926021,2,1,3,0,342.47418204789346,4476.846614148189,0,0.39690502878673667,238
29.705605726339265,1,21.981734477182073,0,0,4,0,540.1661296238767,4807.467167450726,0,0.45257868086192155,239
26.231392218324117,0,25.95839129715658,0,0,4,1,318.0921801436115,4819.6198048361075,0,0.5939523900958744,240
34.05737445747443,0,25.981657155011916,2,1,5,0,564.1221563181258,4205.923627071851,1,0.2314684272057312,241
18.0,0,22.07656582604471,1,0,2,1,893.9727363555351,3917.9410545428846,1,0.7777244537966258,242
20.329547546090094,1,20.07031048705152,2,0,4,0,702.5255076893018,6197.339988052752,0,0.7828431300161771,243
56.29247112028298,0,19.855550838356045,1,1,4,0,607.7521830341244,5302.5646956942,1,0.8035453471311366,244
22.12577418725969,0,24.302769396725115,2,1,1,0,487.1589053388278,5157.549760886941,1,0.6609010303913735,245
24.032144215453606,0,25.144534540762603,1,1,4,0,209.18710594947117,4961.031353374568,0,0.5663328051538209,246
53.36913528321314,0,21.2261595933973,1,0,3,1,301.6570406149724,3697.3460877106522,0,0.4882866275779688,247
64.05067169240407,1,24.093048694641347,1,0,3,0,692.418928415407,5522.024153392219,1,0.8394291132076168,248
23.284333711746584,0,25.9968796264847,1,0,3,0,381.536587981283,3825.4938735906007,1,0.36098090483693407,249
31.317510432119693,1,26.163667501328554,0,1,2,0,395.112185275393,4726.6294385205165,0,0.59454957388911,250
38.415555509405095,1,29.43158042042871,1,0,2,0,475.1524286473968,3188.4880756283446,0,0.2812638991107528,251
52.286976444055924,1,28.46943291269315,0,0,2,0,340.69306117301676,3000.0,1,0.4949617773083538,252
25.131429215717624,0,20.495479985352095,2,0,2,0,315.98468981725455,4754.632962122492,0,0.4817402834226249,253
32.5472215405789,1,29.89255173338308,0,0,3,0,492.4288890827867,3852.7205862440733,0,0.36609132574434106,254
42.77337576061744,1,22.141582234054997,0,0,3,0,366.2705817991946,3000.0,0,0.29136694452916706,255
39.347660744666186,0,27.657054843590497,0,0,2,0,388.84721303316576,4932.487602357661,1,0.413023331998351,256
31.23843928769901,1,24.23795319117881,2,0,4,0,382.8213460779491,6196.064616840631,1,0.6469945825938638,257
33.66177035483959,1,22.557477175400614,0,1,4,0,578.3540320751703,5611.648206864049,1,0.7288987289623852,258
21.25104191630018,0,18.0,1,1,3,0,465.1811464256964,4294.145691787462,0,0.5139169571054879,259
32.61826256025335,1,23.39952421424278,2,0,5,0,473.21420481592196,4507.076245357556,0,0.33256987952711015,260
32.33612509991045,0,18.54215867643037,0,0,3,0,589.5418845963325,5210.16500542713,0,0.5990695102215011,261
37.32169889626256,1,27.385547325449703,2,1,4,0,478.69405876505897,5397.702415867925,0,0.4659039743994341,262
29.44672781180984,1,29.30877429998737,0,0,1,0,458.26193473142405,4225.171424939441,0,0.4939990919215427,263
39.71538522545139,0,21.210811537461584,0,0,4,0,570.5675533355256,4527.34217257966,0,0.5035262093037783,264
45.127158178198286,1,25.05689759881745,1,0,5,0,600.2296765336447,4740.49184541163,1,0.46670009866124457,265
36.55429327668466,0,21.461129672972085,2,0,4,0,477.93897507370934,4943.101056223066,0,0.4810795005875988,266
38.517564083992035,1,21.800303444521237,0,0,3,1,512.0911663430783,4393.538846390987,0,0.5429178541350659,267
35.53155347577867,1,26.7107314635288,1,0,3,0,382.7314655400008,4403.9318039450045,0,0.31948021335990007,268
35.000843930914144,0,23.865116083548056,0,0,3,0,370.89754352532117,5603.86586380351,0,0.7198771427358506,269
27.784419664571526,0,30.08876814675854,1,0,4,0,615.3721252950212,5467.616561954309,0,0.7132805866050631,270
38.16494261673308,0,22.312186324539777,1,0,4,0,566.7413093816932,4881.928458748871,0,0.459269395292156,271
34.02713401586511,0,27.49767716366071,1,1,5,1,568.2947657624863,5875.287256018342,1,0.8178353272705108,272
55.93168308930595,0,24.340946945352236,1,1,3,0,542.1281523088284,4190.843390218866,0,0.5483249711320709,273
50.73354902475242,0,26.785223034104817,0,0,1,0,506.930491372243,5798.378758903505,1,0.6207888548232919,274
38.85846552556501,0,22.434948199345186,1,0,3,1,604.4617836234154,4934.01235482844,0,0.6698941596617964,275
27.369427903052326,0,23.82654406856946,1,0,2,0,640.2663141534176,6500.0,1,0.8056458306855875,276
23.87588528016582,1,23.595753922453728,1,0,2,0,636.6842007785972,3546.0144585740177,1,0.4071626359931618,277
46.911429530888654,1,21.073800098039744,0,0,3,0,484.88331260810196,3948.523798226127,0,0.41165364241565383,278
37.62749225147139,1,26.317285371036135,1,0,4,0,708.0489094863257,4835.038262560438,0,0.6582701477655499,279
39.80143403391611,0,26.275871519524273,1,0,2,0,534.2691022598482,4817.787242383193,0,0.49405778582949544,280
18.0,1,26.077441432169483,0,1,2,0,594.8564288848697,6060.111187340015,0,0.8227157290986218,281
44.27438481558181,1,29.379379788711756,0,1,1,1,542.313183625232,3965.300253360373,0,0.7009030450100695,282
39.54420338214363,0,29.072706804327062,1,0,4,1,537.0510061226261,5223.934814955108,0,0.6910308919523673,283
23.89569315585522,0,22.687693585528027,1,0,4,0,389.637201462452,5429.970403745597,0,0.5857171298890004,284
30.284751925500508,1,25.305683114519624,0,0,1,0,605.2026257517239,5063.718265776518,0,0.6552781412042221,285
37.637172043565194,0,21.817397587596254,2,0,1,0,926.7941592361458,3731.202926460544,1,0.6513704648309571,286
35.52466798356244,1,24.081743606400945,1,0,3,0,443.7807387814875,5626.207044203358,0,0.4165831262432942,287
32.07828814196445,1,21.900876928083974,2,0,2,0,510.64920731374224,5483.459945052331,0,0.5444309355300165,288
33.96511731934039,0,29.67024608197618,1,1,3,0,433.06921034791065,4979.667615832302,0,0.5036725551021654,289
32.48022621793115,0,25.27294352620037,1,0,3,0,426.79701476570983,4663.478149767163,0,0.3632835135265403,290
36.52562512102469,1,23.236898051634522,1,1,5,0,731.667421717801,4680.886408035497,1,0.6332961463493996,291
49.714919729931566,1,28.17766500149732,2,0,2,0,399.0543473408803,4437.011366208498,0,0.5189118286893829,292
18.0,0,18.0,1,0,4,0,428.8879289950458,5012.6281074021135,0,0.5603652894871124,293
32.63149735490316,1,18.0,1,0,1,0,261.8760764403048,4524.907882355982,0,0.42764497077559155,294
36.76512421372447,1,26.78543529326921,1,0,5,1,386.35824131866286,3821.1800197178873,0,0.3799528614003069,295
37.95993989687099,1,24.21163956841079,1,0,5,0,243.74001605699783,3661.1266841379265,0,0.21540667059420182,296
31.280854186787103,1,24.87656205091266,0,1,4,1,594.7707048817894,3898.3709970781665,0,0.5826478999158592,297
18.0,0,19.35761363838508,1,0,3,0,919.9545832755964,4677.705794039562,0,0.7234979775057723,298
38.2799548371411,0,23.91868201202372,1,0,2,1,444.99818095242165,4478.435330851834,1,0.6213918080110628,299
52.27350214164185,1,31.012282936404695,2,0,4,0,249.9863100514644,4672.2750346309995,0,0.5214555561892106,300
19.66138595083862,0,26.88469866928552,1,0,4,0,634.99994966446,4900.650506836889,0,0.5396833872316854,301
43.638280136981884,1,24.59397290799984,1,0,2,1,390.96125616047647,3998.143259266497,1,0.47628198366744595,302
31.714747768771062,1,22.46331131463272,2,0,3,0,694.9020395830311,5672.528134676279,1,0.5897917081287798,303
34.38675654171153,0,22.61899501845712,1,1,3,0,457.6956428315083,4285.831338362021,0,0.4360250911694089,304
24.47101489296051,1,18.0,0,0,4,0,405.2276466375829,4153.258412174793,1,0.4117853655418746,305
31.655438276441235,0,24.901741473224064,0,0,4,0,473.30636663814704,4885.908989865962,0,0.5134589601347753,306
48.000445946989586,1,26.95919087968649,0,0,3,0,613.666514140428,3030.7918380999417,0,0.33786198090850367,307
40.82655241987707,0,18.485332354902848,0,1,3,0,465.8869053866515,3867.5724402216647,0,0.5027400574766648,308
52.323116054099444,1,21.685040876926145,1,0,2,1,425.4912945809442,5284.858238953467,0,0.7795733658137625,309
46.774118889776936,1,19.94887378718302,2,0,3,0,470.1752595531692,3110.0624567503114,0,0.29498081577112784,310
39.390866789295764,0,20.62127081816933,1,0,1,0,309.22172232486724,5394.059357546525,1,0.6810466430234268,311
52.43934526167792,1,24.18718569387665,0,0,4,0,559.554740344097,5708.909253087308,0,0.6952823881452486,312
39.38993158738299,1,18.0,1,0,3,1,231.9910109232635,4204.4357297410015,1,0.492782360736695,313
43.27988176797059,1,26.149946534249725,0,0,3,0,433.38178184517267,4733.450213941048,0,0.5255366726298197,314
32.03429046465292,1,26.638492744767888,2,0,2,0,613.9077813246115,5395.2696678808215,0,0.8016897244828192,315
35.665458158592045,1,23.121140941870806,0,0,2,0,545.4572424399075,4126.568649565184,0,0.42655991572402546,316
28.02576176699723,0,18.0,1,0,3,0,588.5480859479585,5194.220416420945,1,0.7216066338648226,317
44.89583934594853,1,20.512534808991635,0,1,2,0,490.2431490921786,3963.0809638954624,0,0.5357856697108112,318
23.216963768851343,0,28.31515676935944,1,1,1,0,675.4619271478275,4117.918165333456,0,0.6349978811140874,319
42.823503424176614,1,18.0,1,0,4,0,638.7048795154687,3860.530828540021,0,0.3179864250726998,320
33.09348942494841,1,22.783668057322682,2,0,3,0,566.9211506371512,4774.117759355842,1,0.526593174852405,321
46.71247093467319,0,19.869997275364593,0,0,3,0,639.1318665970315,5426.37524205244,0,0.654554068957276,322
42.5086898873126,0,26.81599605554693,2,1,3,0,612.5635331605365,4352.709654306269,1,0.6005473067220695,323
53.206461576468016,1,21.637101167497885,1,0,4,0,434.08047299796647,3483.0006720700776,0,0.34721479160870966,324
42.307746911386445,0,25.41383907257464,2,0,3,0,298.4151632462999,3633.8345421705476,0,0.13577492851632872,325
19.279597443467594,1,25.979111467091826,2,0,4,0,563.0543188763936,4815.679537096432,0,0.5019707042046199,326
34.33046827101799,0,30.42679043905507,2,1,5,0,581.9133846247144,5975.293130715416,0,0.693913654802204,327
23.279928074051842,1,23.289703197136205,0,0,4,0,663.5707986707848,4814.979999451518,0,0.6271342954128837,328
29.817201576337254,0,25.316155293679138,0,0,3,0,359.551808743206,4190.482759478998,0,0.4409882566876356,329
50.11228433276722,0,18.802305823053974,0,1,4,0,364.03534110842554,5112.947173480227,1,0.5794635636965714,330
41.37533810897696,1,28.166447471528105,0,0,3,0,568.9850399461656,4308.401091530603,0,0.3746595135460557,331
28.010695714212538,1,21.338219031750224,1,1,3,0,489.324951672037,4197.371826108635,0,0.39801912405315903,332
24.86282633559601,0,22.03736042569289,2,0,3,0,217.13575841433078,3733.232715443789,0,0.28160977923469094,333
35.327820928762605,0,23.92213271802776,2,0,3,0,556.2662245631286,5626.759075397084,1,0.5607452847570581,334
22.834398506188723,1,18.52990479131053,1,1,2,0,222.1365627516568,3000.0,1,0.4677088539698062,335
28.288597226034188,1,24.800695101251282,1,0,3,0,358.21151721899355,5138.287360223416,1,0.4750196631083247,336
38.12009471551244,0,27.386131955237538,2,0,2,0,702.7522059290161,4129.00404976197,0,0.48876743489056174,337
46.55312036106696,1,25.02526838224052,2,0,3,0,773.7318526710674,4171.72741483871,0,0.5663502988449669,338
41.087614722244396,1,18.438858525374464,0,0,3,0,317.65154472920574,5853.85212489425,0,0.5880724692522173,339
18.0,1,23.56666746984619,1,0,5,0,450.59126938809584,3928.695126239959,0,0.2565099914721703,340
38.0436672903026,1,26.597101160428217,2,0,1,0,506.3933784618059,3955.944676777272,1,0.32213487057172396,341
35.72033573232578,1,18.0,0,0,3,1,767.1840391372352,4395.684608864376,0,0.8473913262796191,342
39.13890285372693,0,20.238318951638,1,0,3,0,426.0696578263398,4831.0779086497905,0,0.5053139150833645,343
51.162096816512076,1,27.06790261428532,2,0,1,1,428.4673965450083,4146.515374165704,0,0.50051474671221,344
18.0,1,24.945334019690502,2,0,2,0,732.3088337694293,3240.9128555712914,0,0.29137406199479743,345
29.088965748088945,1,25.441900537443637,2,0,2,0,443.7816270922613,3807.4414552945877,0,0.33521940345593343,346
40.909063227933544,0,30.50823182668159,2,0,2,0,608.3302563449686,5525.067085171615,0,0.6636714994753046,347
19.184056005460576,0,25.63993472477171,0,1,2,0,278.42855523313585,4559.821431308409,1,0.6790096292962174,348
49.75949048053509,1,26.302608036516126,0,0,3,1,474.31508838615105,4860.869826963058,1,0.695131756050459,349
38.683566127006586,0,33.48760934526414,1,0,3,0,251.06047425103932,4290.86303426157,0,0.3854966231105335,350
43.46583985843404,1,23.251684046683284,1,0,1,1,341.6849328566443,3972.401843061384,1,0.6369449179726834,351
29.290563384782054,0,21.207410327335268,1,1,2,0,625.8802032728395,5842.055559900329,1,0.7611011974722284,352
43.137636899662105,1,25.497287393864966,1,0,1,1,492.5141913369931,4349.446514359135,1,0.6114445351272371,353
45.684715559890385,1,25.53646860286113,1,0,3,1,452.1341389170538,4145.304096378299,0,0.5712856224421893,354
37.328780201371686,0,22.156496128188273,1,0,3,0,387.68755640286236,5376.913893084272,0,0.590335316807264,355
37.34400892698696,0,20.386610431558033,0,0,3,0,466.9015890138076,3922.1117129060917,1,0.3224803943554279,356
37.70343239281726,1,32.084455477315274,0,1,2,0,545.166975065104,4024.2181249808027,0,0.5098653175290505,357
26.366547352606183,1,25.14395214635808,0,1,1,0,647.4374309692643,4508.197347213519,0,0.6385054685360072,358
33.52471319759647,0,21.437001165092735,0,0,5,1,200.0,4500.216083270544,0,0.44915191424426093,359
33.47477467547641,1,27.205756057978597,2,0,2,0,375.23582386057853,4707.689078322572,0,0.5577699004986768,360
38.83393864353495,1,23.61799196953533,1,0,2,0,523.8644363283508,6173.33527151639,0,0.6884153577361576,361
44.99824246910295,0,23.11491493788759,0,0,2,0,485.1705326056571,4768.998597081896,0,0.5171591580467658,362
24.414639180215907,0,25.967955051700727,2,1,5,0,560.5064363790087,3000.0,0,0.2951168088522359,363
33.749909696804224,0,19.478412061189086,1,0,3,1,540.1310429189831,4761.039154745249,0,0.6453884770630502,364
49.81455547658973,0,25.2341952137101,0,0,3,0,454.2698205509889,4530.303995591679,0,0.49404017433884956,365
27.56411771187436,0,30.69534182706113,0,0,5,0,420.9720206019234,4534.760019481166,0,0.4119079246564793,366
26.777499827096797,0,25.631621817690586,0,1,1,1,463.1747765396749,4696.757847516937,1,0.7562658197178718,367
37.02306191831194,1,22.683257636757872,1,0,5,0,672.3113524734114,4477.05736986016,0,0.46576981294582837,368
43.443851904853204,0,22.225131518501154,0,0,2,0,390.19881006414283,4457.910325555688,0,0.3212576968651067,369
35.11426055560659,1,22.56381009329212,0,0,3,0,490.5789915284067,4990.435367816629,0,0.6365722099465073,370
48.28960590436989,0,23.111130626832768,0,0,3,0,527.5013320997632,4066.335362244399,0,0.4345667241368442,371
43.56793982566527,0,22.67767713534605,1,0,3,0,734.0526394811687,3741.8509314886596,1,0.5099414640494386,372
43.41820066890062,1,27.207090043760985,0,1,5,1,454.953761264553,6500.0,1,0.7923444674586473,373
40.541165013240935,1,18.0,2,1,2,0,643.8209984016441,3927.3140449750135,0,0.4047729590916796,374
58.276531003460846,0,27.01700017644247,0,1,5,1,684.7969104897534,4580.114329968062,0,0.8039358615559394,375
32.94838311133956,0,22.671097162001036,1,1,3,1,490.4368602514028,3303.471799299706,0,0.5689247816430396,376
18.0,0,25.319317249933803,1,0,3,1,468.39215313848564,4593.174732041138,0,0.6522937463309837,377
51.04254361517141,1,20.05554231429698,1,0,5,0,450.6419491927676,3753.419559448532,1,0.3540611901724064,378
30.423005690431744,0,28.650208733973027,0,0,1,0,461.62652986361263,4146.021645719991,0,0.38383545878296116,379
36.07880444343033,0,28.359722360601555,2,0,5,0,628.1359790865249,5336.051732616899,0,0.5020062862645766,380
48.09550684860527,0,27.358566840125256,2,1,3,0,534.6514965883271,4877.607654702459,1,0.5452162284235297,381
18.977404589410746,0,18.698358284722612,0,0,4,0,535.2934563754804,4954.727619659855,0,0.6953512170117406,382
22.483527858938608,1,26.901923748731186,0,1,2,0,331.21647344302477,3083.03612928651,1,0.2882370613339811,383
18.987220628811464,1,25.41699280672498,2,0,3,0,354.8764883937148,5969.51613586321,0,0.6254676470894295,384
27.05863709974576,0,18.381550635036014,1,0,4,0,821.517023716547,3546.4949512465,0,0.3354915860925513,385
39.39636606016994,0,23.914959156802144,0,0,3,0,473.32614120669655,5722.848651435092,0,0.5860783634514188,386
40.24187842812771,0,25.27587071161642,0,0,2,0,383.784200663246,5317.235092785189,0,0.5656691159192031,387
37.762741793285535,0,25.94626345838103,1,0,2,0,714.6648748383946,4961.866193427744,1,0.543993974473328,388
20.872341161076335,1,24.620414784320996,1,0,4,0,542.2712823025328,3816.012175273295,0,0.30574422024926085,389
18.0,1,25.019309958965827,1,0,1,0,586.7232375296783,4621.271875855618,0,0.48917900870385894,390
35.54353585390382,1,29.157639872885834,2,1,4,1,479.29293870776996,4123.262871484112,1,0.3871890557234513,391
30.282239663616643,1,28.29111868468738,1,0,5,1,452.19903641347935,4523.231657204234,0,0.6269332395660552,392
39.59385771716612,1,18.0,0,0,1,0,474.56204412540643,4300.102192731552,0,0.48974363817966093,393
42.0195362622127,1,22.888965058068113,1,1,2,0,292.589274455206,3000.0,0,0.35533412610585,394
36.38241432058682,0,23.423721403596172,0,0,4,0,486.81088858701537,5397.42732078767,0,0.48156070449376837,395
42.60133085375854,0,18.0,0,1,1,0,544.4049615563925,4435.114274760511,0,0.4630089678988045,396
37.292113741150686,0,24.32964070381309,0,0,3,0,777.5694850765631,4112.15968039821,0,0.4734860952018365,397
40.30064705601467,1,28.370652203436773,0,0,4,0,512.8998597507823,4051.738213736186,0,0.3454861260104364,398
27.953267371301177,0,20.197012491432933,1,0,3,1,200.0,4786.767661093414,0,0.7133950931427367,399
33.203885861685414,1,25.177403285414552,0,0,3,1,485.9021850823068,3784.994929364422,0,0.5407444137421319,400
36.96776096656957,1,20.794617829462467,1,1,4,1,910.9256199662459,3000.0,0,0.6922621731292683,401
43.20528475417419,1,21.64830791712113,1,1,3,0,629.954935247756,4825.703842566621,0,0.5705349759774111,402
31.06258827775428,0,29.170877719595122,1,0,2,0,378.36665842871173,4915.282398365457,0,0.5061119705868348,403
40.21167255732112,0,22.101047629608612,2,0,3,1,588.6659771645835,4340.2945402578935,0,0.5698321235206998,404
32.34161208084621,0,25.617743711537187,2,0,4,0,388.6979862665389,3581.6776998479927,0,0.20292613758575692,405
33.824578326718694,1,18.0,1,0,4,0,296.9288720679714,4571.1484327114285,0,0.5155605594417179,406
43.29519042024073,1,30.518111464882082,0,1,3,0,447.74459551488917,3328.374105349129,0,0.2488520004083667,407
18.0,1,26.109283562072747,1,0,3,0,513.7289658858292,3678.2155226498726,1,0.34429409642133235,408
22.03527671925239,0,23.361250550724083,1,0,1,0,219.1766746349906,3899.441650796671,1,0.5005119019908404,409
20.17814602557179,0,26.01441278499963,0,0,2,0,327.62610641920463,5175.151256713245,0,0.5618692065477092,410
18.0,0,19.06563199868266,0,1,1,0,501.5503344773532,4209.911239650466,0,0.5259666688924127,411
28.217355598448233,1,28.1388575961343,0,1,5,0,438.7740236016569,4141.7068705788315,0,0.3376124731034762,412
42.4943389972774,1,22.866053285762494,1,0,2,0,559.2216906719136,6063.754012328997,0,0.7494768004651329,413
32.15115933617425,0,23.285756697330477,1,0,4,0,317.7997509037158,4781.969997750971,0,0.30590283699777604,414
36.97790081941852,1,22.279205347620806,0,0,2,0,607.1170622829951,4771.1956083798605,1,0.6224994539138637,415
45.89217496710793,0,21.967720090390454,2,0,2,1,322.43613544097076,4204.23940383298,0,0.6206553992864362,416
48.276861322676915,1,26.43134714069943,2,0,3,0,746.4101452906446,4022.9026658905777,0,0.5639542279482163,417
34.308620652738604,0,24.89567397536478,0,0,3,0,242.6362573432525,3000.0,0,0.22875214340971733,418
48.53585889569398,0,26.28111849491064,2,0,4,0,336.11685944248813,5274.992425538847,0,0.5562047867363847,419
35.92126658434109,1,23.9692185868005,0,0,5,0,562.6056204547743,4858.6477646051035,1,0.4048272203923378,420
26.62601776172538,0,25.796199338770133,2,0,4,1,749.6349877246457,4356.667205429269,0,0.6803424126667622,421
29.05599647801265,0,22.534029396262365,2,0,2,0,547.2564554174256,4390.218638530995,0,0.5796395357791069,422
20.194634874349838,0,31.804061444933417,0,0,4,0,584.4286880273587,5088.915409808844,0,0.6638150660496049,423
26.118661462663475,0,18.512243542493255,2,0,2,0,502.63053525095876,3256.2319415361176,0,0.22366647948109536,424
31.41983311925571,1,28.413280632470446,2,1,5,0,346.040231882721,4028.094934756956,0,0.2804111294051392,425
43.03585019378602,1,28.787676077523397,2,0,3,1,426.4792477640931,3590.9577096859757,1,0.334152481696995,426
52.20769831165984,1,21.01744417912042,2,0,3,0,318.2135420028085,5917.207425989397,0,0.632843135804537,427
21.1781848462296,0,31.802457636945906,1,0,2,1,308.19350483346926,5200.52442548264,0,0.7241638867573209,428
38.92827468259919,1,27.484215990308613,0,0,1,1,560.262337897962,3000.0,0,0.5412416915665647,429
24.594560608424658,0,27.39898652388019,2,0,2,0,331.5233026868058,3288.9906986880196,0,0.36141079701580175,430
39.74697088463202,0,24.09807765459057,1,0,5,0,547.9331010085042,4394.123461314011,0,0.4086184643004164,431
33.68913349312273,0,23.239708446234633,1,1,4,0,304.7265871668353,4122.0478303420605,1,0.36014392303363474,432
18.0,1,23.267069105361372,1,0,5,0,544.4574530175132,3440.4942335384894,1,0.2618635735649339,433
44.282969915684845,1,25.36685708711831,1,0,2,0,426.69761465555564,6055.809790120391,0,0.7048397688501804,434
28.94999287191269,1,28.904151962618634,0,0,3,0,710.9923300475966,4750.031931186063,0,0.6700920653836911,435
29.660997616264453,1,24.63459976251497,1,0,2,0,548.5578343368597,4879.853058290473,0,0.497434365673997,436
24.3024758871031,0,20.809947319019486,0,0,3,0,685.3674339491213,3946.388040614229,0,0.5008272801462397,437
28.457167233124444,1,26.88549471834743,1,1,3,0,386.6529925362211,5077.819317742402,1,0.5955740507101072,438
39.278904406949174,1,27.22402761238177,2,0,2,0,508.4215010366251,4195.65379121439,0,0.3226194382774827,439
33.107556590635944,0,26.291308349567252,1,0,3,0,352.83692628255824,4273.325461034001,0,0.3611411346808295,440
38.28662002282481,0,26.609246172837437,1,0,2,1,437.95921358833726,4988.801567860208,0,0.7825379919119296,441
38.61921853928844,0,23.051751544447672,0,0,3,0,460.68436658830564,3196.80194795176,0,0.2853694409823164,442
48.20661655528167,1,20.74853791504297,2,1,4,0,391.1212668969291,5777.622287880786,1,0.7447331609818982,443
31.572138491356206,0,20.96132299275727,1,0,2,0,317.67457117314575,4645.911371779101,0,0.491895808371969,444
20.231421831542683,1,18.275878630397496,0,0,5,0,287.9724014521021,5524.75536702434,1,0.5427581278316362,445
45.67222416571983,0,24.829320140410825,0,0,3,0,200.0,3639.664194704945,0,0.2718068977756576,446
31.685118279027453,1,23.707929258706923,0,0,4,0,341.5480304744813,3761.4679007774457,0,0.23289582057588742,447
46.14592444577377,0,22.460043034146018,1,0,4,1,594.1240845007767,3570.47982272015,0,0.46824268575707423,448
38.833771131824705,0,18.0,2,0,4,1,260.22522019800755,4700.238138131871,1,0.5499836942155069,449
33.68862469796655,0,19.63438885607041,1,0,4,1,294.7815730620042,4552.786641534597,1,0.5928656187236288,450
38.48775894046295,0,27.922942279911084,0,1,4,0,768.6347856849372,4128.470544615056,0,0.6617130624914476,451
54.510125601263,1,21.67380899977904,2,0,3,0,404.5255925227619,3688.7446456917764,0,0.3549745434223092,452
55.76980529053753,0,25.262070871798944,0,0,2,0,548.1569013747254,3486.722984215326,0,0.44308796010518264,453
35.69381135132779,1,19.132600995086605,2,0,1,1,596.3475719750742,4461.212879623476,0,0.4890253487091952,454
36.601905933170755,0,29.03546918825731,0,0,3,0,599.3789194671921,4127.53057632912,0,0.428743065006125,455
45.762401574663855,0,23.495903189808633,1,1,1,0,271.65286540879106,3951.51440611339,0,0.4425643754084603,456
26.543389672326526,1,25.015141387692374,2,0,2,0,465.34104801507647,5737.6715889052875,0,0.6624721799083445,457
38.33070372618255,0,32.140229271585895,0,1,1,0,257.2659095722412,4434.139457445813,0,0.6642736499369769,458
34.741371520461435,1,29.307540352062915,1,1,3,0,866.9476788365484,5516.03434714154,0,0.841170567356847,459
38.13908211457554,1,22.9270203254953,2,0,2,0,260.76871039766,4073.3982538538426,0,0.3652241729678388,460
26.666311940505942,1,21.923729352953742,0,0,3,0,342.823967169527,4695.821027038925,0,0.4337059424846456,461
19.10432506691031,0,22.860592459681637,0,1,4,0,343.9098717737743,4455.6191869949325,0,0.4880488301386136,462
18.0,0,25.784643869667875,1,0,4,0,275.50092849156795,3141.9021523855017,0,0.3195254747836324,463
23.82615887010392,1,23.63171553012195,0,0,3,1,702.8890864634818,5642.670645011131,1,0.8747102177871945,464
30.41324715060667,0,22.616645492487848,0,1,3,0,863.3671851625244,4391.877114374067,0,0.7071639790963143,465
32.06808413351238,0,29.13513437748165,1,1,3,0,428.6376321031074,5097.134575706368,0,0.566572635138154,466
54.372311624295165,0,23.60026537877757,2,0,3,1,301.93652797333846,3898.3770220307524,0,0.4696522932316239,467
46.059933699072985,1,32.048561825630614,0,0,4,0,200.0,4368.124494736188,0,0.5260853936338521,468
25.379088836583726,1,24.317598973132604,0,0,2,0,463.3836922216848,3806.518112061316,1,0.38620540267746656,469
38.47708452450957,1,30.248614379786545,2,1,5,0,452.54518652578344,5488.798786210715,0,0.39584460501934154,470
30.929217636496748,1,25.250617979487195,1,0,1,1,402.30558104597833,4749.127477960541,0,0.6777751980211353,471
32.156361619599046,0,27.370362006373067,2,0,4,0,533.2062880964343,4793.642821344711,1,0.42605186888710433,472
36.85325649415382,1,21.463861319687965,1,0,3,0,559.275971422323,5586.547317683983,0,0.693210913764061,473
41.19171116975393,0,21.01184272094406,2,1,2,0,548.4624886906851,5425.073037519218,1,0.6250878946129308,474
31.607415161159846,1,25.608970842552456,1,1,4,0,452.58126920472694,5112.274028909028,0,0.5797785892306775,475
45.63851532734358,0,27.459936348628602,0,0,1,0,334.75672556386075,3362.6181223700296,0,0.40740535656063886,476
23.58061773857596,1,24.14089775700162,2,0,4,0,599.8749646710073,3943.456704386653,0,0.2774356449473487,477
35.06339062362269,0,19.49762332720706,1,1,3,0,501.87706391322956,3696.889491190918,0,0.19908593011930342,478
60.97673726595832,0,19.239095717987354,0,1,2,1,633.2536287251976,5082.026954900639,0,0.9302055559636246,479
37.23079742625275,0,19.005022592348155,0,0,1,0,618.5113324208347,4636.521553400041,1,0.6756044875819953,480
49.33214506606173,0,18.0,1,0,4,0,286.7356896429327,3387.590053095524,0,0.3294523847349546,481
35.91520178173208,0,24.383198758064808,0,0,2,1,284.8666688813595,4349.004629591018,1,0.7006555630514282,482
40.80777095329797,1,27.937653725978087,0,0,4,0,386.6688921889207,3304.710131424977,0,0.3551943345203283,483
34.43216805607308,0,23.95304474576317,0,0,4,1,341.56018875639984,4457.474809544192,1,0.6112880445037391,484
33.29592418835796,1,18.0,1,0,4,1,613.2877663964151,3175.7019968102522,1,0.4085632828662197,485
27.205176032745804,0,23.33233838882908,1,0,2,1,552.6964513981877,4923.06199470769,0,0.8272353815658692,486
39.303013589575535,1,23.430203511785876,1,1,4,0,664.8775990677966,4802.370100827259,0,0.6280572102924987,487
26.48462810814232,0,31.33599562578904,0,0,5,0,559.4730226116377,6026.358794677505,0,0.7032657087183064,488
41.655852363134294,1,18.900017304781553,0,0,1,0,531.2974372810054,5178.298631597874,0,0.6110696945523507,489
45.852870044459095,1,22.632628390902816,1,0,3,0,679.9594670516256,4161.668595341997,0,0.5408465386157646,490
38.6653140723723,0,29.970484381905976,0,0,2,0,570.4591009602573,5154.456074619588,0,0.5120879080581874,491
32.13751266444308,1,25.574924194712917,1,0,3,0,510.2151445156578,3381.868895243857,0,0.3103297883558574,492
39.539655793086965,0,25.971595757307487,0,0,4,1,722.0679550896028,3730.021917055132,0,0.5501653336245482,493
31.913269444535874,0,24.401045529583573,0,0,3,0,517.2771324729185,4766.514025660088,0,0.5201144551003608,494
44.35547125465149,1,25.154802385300425,0,0,3,0,454.34890926231174,3000.0,0,0.299260460340247,495
18.0,1,26.721633355974877,1,1,3,0,374.3265111833525,4470.271372052894,0,0.5083437041868184,496
31.643926318813538,0,21.16679788387532,0,0,2,0,605.4538188568117,3683.7893663052637,0,0.33793072092766285,497
18.0,0,27.073205026178698,2,1,2,0,685.5575812763703,4581.045644122611,1,0.6607387679071832,498
20.04939169772795,1,19.19448944090061,0,1,4,0,492.4118897849855,3637.8109135621894,0,0.5194482113669597,499
