participant_id,day,lls_headache,lls_gi_symptoms,lls_fatigue,lls_dizziness,lls_total
0,1,0,0,0,0,0
0,7,0,0,0,1,1
0,14,0,0,0,0,0
1,1,0,0,0,1,1
1,7,0,0,0,0,0
1,14,0,0,0,0,0
2,1,0,0,0,0,0
2,7,0,0,0,0,0
2,14,0,0,0,0,0
3,1,0,0,0,1,1
3,7,3,0,1,0,4
3,14,3,0,2,1,6
4,1,0,0,1,0,1
4,7,0,1,1,0,2
4,14,0,0,0,0,0
5,1,0,1,1,0,2
5,7,0,0,0,2,2
5,14,3,0,2,3,8
6,1,0,2,0,0,2
6,7,1,0,1,1,3
6,14,2,0,0,0,2
7,1,0,0,0,0,0
7,7,0,0,0,2,2
7,14,0,0,1,0,1
8,1,0,0,0,0,0
8,7,0,0,1,0,1
8,14,0,0,0,0,0
9,1,0,0,0,0,0
9,7,0,0,0,0,0
9,14,0,0,0,0,0
10,1,0,2,1,1,4
10,7,0,1,0,0,1
10,14,0,1,1,0,2
11,1,0,0,0,1,1
11,7,0,0,0,0,0
11,14,0,0,2,0,2
12,1,0,0,0,1,1
12,7,0,0,0,0,0
12,14,0,0,1,0,1
13,1,0,0,0,0,0
13,7,0,0,0,0,0
13,14,2,0,1,1,4
14,1,0,0,0,0,0
14,7,0,0,0,0,0
14,14,0,0,0,0,0
15,1,0,0,0,0,0
15,7,0,0,0,0,0
15,14,0,0,0,0,0
16,1,0,1,0,0,1
16,7,0,0,1,0,1
16,14,0,0,0,0,0
17,1,0,0,0,0,0
17,7,0,0,1,0,1
17,14,0,0,0,0,0
18,1,0,1,0,0,1
18,7,0,0,0,0,0
18,14,0,0,0,0,0
19,1,0,0,0,1,1
19,7,0,0,0,0,0
19,14,0,1,0,0,1
20,1,0,1,0,0,1
20,7,0,0,1,0,1
20,14,0,2,1,1,4
21,1,0,0,0,0,0
21,7,0,0,0,0,0
21,14,0,1,0,0,1
22,1,0,1,0,0,1
22,7,0,0,0,0,0
22,14,0,0,0,1,1
23,1,0,1,0,0,1
23,7,0,0,0,0,0
23,14,0,1,0,0,1
24,1,0,0,0,0,0
24,7,0,0,0,0,0
24,14,0,0,0,0,0
25,1,1,2,0,0,3
25,7,0,0,1,1,2
25,14,1,0,1,1,3
26,1,0,0,1,0,1
26,7,3,0,1,1,5
26,14,0,0,0,0,0
27,1,0,0,1,0,1
27,7,0,0,0,0,0
27,14,0,0,0,2,2
28,1,0,0,0,0,0
28,7,0,0,0,0,0
28,14,0,0,1,0,1
29,1,0,0,0,0,0
29,7,0,0,0,0,0
29,14,0,0,0,0,0
30,1,0,0,0,0,0
30,7,0,0,0,0,0
30,14,0,0,0,0,0
31,1,0,0,0,0,0
31,7,0,1,0,0,1
31,14,0,0,0,0,0
32,1,0,0,0,0,0
32,7,0,0,0,0,0
32,14,0,0,0,1,1
33,1,0,0,1,1,2
33,7,0,0,0,0,0
33,14,0,0,0,0,0
34,1,0,0,0,0,0
34,7,1,0,1,1,3
34,14,0,0,2,0,2
35,1,0,0,0,0,0
35,7,0,1,0,0,1
35,14,0,0,1,0,1
36,1,2,0,0,1,3
36,7,0,1,0,0,1
36,14,0,0,0,0,0
37,1,0,0,0,0,0
37,7,0,0,1,0,1
37,14,1,0,1,0,2
38,1,0,1,0,0,1
38,7,0,0,0,2,2
38,14,0,0,0,0,0
39,1,0,0,0,0,0
39,7,0,0,1,0,1
39,14,2,1,1,1,5
40,1,0,1,0,1,2
40,7,0,2,0,1,3
40,14,2,0,0,2,4
41,1,1,0,0,0,1
41,7,0,0,0,0,0
41,14,0,0,0,0,0
42,1,0,0,0,0,0
42,7,0,0,0,0,0
42,14,0,2,0,1,3
43,1,0,1,0,0,1
43,7,0,0,0,2,2
43,14,2,1,1,1,5
44,1,0,1,1,2,4
44,7,1,1,0,0,2
44,14,0,1,0,0,1
45,1,0,0,0,0,0
45,7,0,0,0,0,0
45,14,0,0,1,0,1
46,1,0,0,0,0,0
46,7,0,0,0,0,0
46,14,0,0,0,0,0
47,1,0,0,0,0,0
47,7,0,0,0,1,1
47,14,0,0,0,0,0
48,1,0,1,0,0,1
48,7,0,0,0,0,0
48,14,0,0,0,0,0
49,1,0,0,0,0,0
49,7,0,0,0,0,0
49,14,1,1,0,0,2
50,1,0,0,0,1,1
50,7,0,0,0,0,0
50,14,0,1,0,0,1
51,1,0,1,0,2,3
51,7,0,0,1,0,1
51,14,0,0,0,1,1
52,1,0,0,0,0,0
52,7,1,0,1,0,2
52,14,0,0,0,0,0
53,1,0,0,1,0,1
53,7,0,0,0,1,1
53,14,0,0,1,0,1
54,1,0,0,0,0,0
54,7,0,1,0,0,1
54,14,3,1,1,2,7
55,1,0,0,0,0,0
55,7,0,0,0,1,1
55,14,0,0,0,0,0
56,1,0,0,0,0,0
56,7,0,0,0,0,0
56,14,0,0,1,0,1
57,1,0,0,0,0,0
57,7,0,0,0,0,0
57,14,0,2,0,0,2
58,1,0,0,1,0,1
58,7,2,0,0,0,2
58,14,0,1,1,1,3
59,1,0,0,0,0,0
59,7,0,0,0,1,1
59,14,2,1,1,1,5
60,1,0,0,0,0,0
60,7,1,1,2,1,5
60,14,2,2,0,2,6
61,1,0,0,0,0,0
61,7,0,0,1,0,1
61,14,0,0,0,0,0
62,1,0,0,0,0,0
62,7,0,0,0,0,0
62,14,1,0,0,0,1
63,1,0,0,0,0,0
63,7,0,0,1,0,1
63,14,0,0,0,0,0
64,1,0,0,0,0,0
64,7,0,1,0,0,1
64,14,0,0,0,0,0
65,1,0,0,0,0,0
65,7,0,0,0,0,0
65,14,2,0,1,2,5
66,1,0,0,0,0,0
66,7,1,1,0,2,4
66,14,0,1,0,0,1
67,1,0,0,0,1,1
67,7,0,0,0,0,0
67,14,0,0,1,0,1
68,1,0,0,1,0,1
68,7,0,0,0,0,0
68,14,2,0,0,1,3
69,1,0,0,1,0,1
69,7,0,0,1,1,2
69,14,0,0,0,0,0
70,1,0,0,0,0,0
70,7,0,0,0,0,0
70,14,0,0,0,0,0
71,1,0,0,0,0,0
71,7,0,0,0,0,0
71,14,2,1,1,0,4
72,1,0,0,1,0,1
72,7,0,0,0,0,0
72,14,0,1,0,0,1
73,1,0,0,1,0,1
73,7,0,0,0,0,0
73,14,0,0,0,1,1
74,1,0,1,0,0,1
74,7,0,0,0,0,0
74,14,0,0,0,0,0
75,1,0,0,0,0,0
75,7,1,0,1,0,2
75,14,2,0,1,3,6
76,1,0,0,0,1,1
76,7,0,0,0,0,0
76,14,2,0,0,1,3
77,1,0,0,0,1,1
77,7,0,0,0,0,0
77,14,0,0,0,0,0
78,1,0,0,0,0,0
78,7,0,0,0,0,0
78,14,0,0,0,0,0
79,1,0,0,0,0,0
79,7,0,0,1,0,1
79,14,0,0,0,0,0
80,1,0,0,0,0,0
80,7,0,0,0,0,0
80,14,0,0,0,0,0
81,1,0,0,0,0,0
81,7,0,0,1,0,1
81,14,0,0,0,1,1
82,1,0,0,0,1,1
82,7,1,0,1,0,2
82,14,0,2,0,1,3
83,1,0,0,0,0,0
83,7,0,0,0,0,0
83,14,0,1,0,0,1
84,1,0,0,0,0,0
84,7,0,0,0,0,0
84,14,1,1,0,0,2
85,1,0,0,0,0,0
85,7,0,0,0,0,0
85,14,0,0,0,1,1
86,1,0,0,1,0,1
86,7,0,1,0,0,1
86,14,0,1,0,1,2
87,1,0,0,0,0,0
87,7,0,1,0,0,1
87,14,0,1,0,1,2
88,1,0,0,0,1,1
88,7,3,3,2,2,10
88,14,0,1,1,0,2
89,1,0,0,0,0,0
89,7,0,0,0,0,0
89,14,0,0,0,0,0
90,1,0,0,0,0,0
90,7,0,0,0,0,0
90,14,0,0,0,0,0
91,1,0,0,0,0,0
91,7,0,0,0,0,0
91,14,0,0,0,0,0
92,1,0,0,0,0,0
92,7,0,0,0,0,0
92,14,0,0,0,0,0
93,1,0,0,0,0,0
93,7,0,0,0,0,0
93,14,0,0,0,0,0
94,1,0,0,0,1,1
94,7,0,1,0,0,1
94,14,0,0,0,0,0
95,1,0,0,0,0,0
95,7,0,0,0,0,0
95,14,0,1,0,0,1
96,1,0,0,0,0,0
96,7,0,0,0,0,0
96,14,0,0,2,1,3
97,1,0,0,0,0,0
97,7,0,0,0,0,0
97,14,1,0,1,0,2
98,1,0,0,0,1,1
98,7,0,0,0,0,0
98,14,0,0,1,0,1
99,1,1,0,1,0,2
99,7,0,1,0,0,1
99,14,0,1,0,0,1
100,1,0,0,0,0,0
100,7,0,0,0,0,0
100,14,0,0,0,0,0
101,1,0,0,0,0,0
101,7,1,1,1,1,4
101,14,2,3,1,1,7
102,1,0,0,0,0,0
102,7,0,1,0,0,1
102,14,2,0,1,1,4
103,1,0,0,0,0,0
103,7,0,1,0,1,2
103,14,0,0,0,1,1
104,1,0,0,0,0,0
104,7,1,0,0,0,1
104,14,0,1,1,2,4
105,1,0,0,0,0,0
105,7,0,0,0,1,1
105,14,0,0,0,0,0
106,1,0,0,0,0,0
106,7,1,1,0,0,2
106,14,2,1,0,0,3
107,1,0,0,0,0,0
107,7,0,0,0,0,0
107,14,0,0,0,0,0
108,1,0,0,1,1,2
108,7,0,0,0,0,0
108,14,0,0,0,0,0
109,1,2,0,0,1,3
109,7,0,0,0,0,0
109,14,3,0,1,1,5
110,1,0,0,0,0,0
110,7,0,0,0,0,0
110,14,1,0,0,0,1
111,1,0,0,0,0,0
111,7,0,0,0,1,1
111,14,0,0,0,0,0
112,1,0,0,0,0,0
112,7,0,0,0,0,0
112,14,0,1,0,0,1
113,1,0,0,0,0,0
113,7,0,0,0,0,0
113,14,0,0,0,0,0
114,1,0,1,1,2,4
114,7,0,0,0,1,1
114,14,0,0,0,0,0
115,1,0,0,2,0,2
115,7,0,0,0,0,0
115,14,3,1,1,2,7
116,1,0,0,0,0,0
116,7,0,0,0,0,0
116,14,0,0,0,0,0
117,1,0,0,0,0,0
117,7,0,1,1,0,2
117,14,0,1,0,0,1
118,1,0,0,0,0,0
118,7,0,0,1,0,1
118,14,0,1,0,0,1
119,1,0,1,0,0,1
119,7,1,1,1,0,3
119,14,0,0,1,0,1
120,1,0,1,0,0,1
120,7,0,0,0,0,0
120,14,0,1,0,0,1
121,1,0,1,0,0,1
121,7,0,0,0,0,0
121,14,0,1,0,1,2
122,1,0,0,0,0,0
122,7,0,0,1,0,1
122,14,0,0,0,0,0
123,1,0,0,0,0,0
123,7,0,1,0,1,2
123,14,0,1,0,0,1
124,1,0,0,0,0,0
124,7,0,0,0,0,0
124,14,0,0,0,0,0
125,1,0,1,0,1,2
125,7,0,2,0,0,2
125,14,0,0,0,2,2
126,1,0,0,0,1,1
126,7,0,0,1,2,3
126,14,0,0,0,0,0
127,1,0,0,1,0,1
127,7,0,0,0,0,0
127,14,0,1,0,1,2
128,1,0,1,1,0,2
128,7,0,0,1,0,1
128,14,0,1,0,0,1
129,1,0,0,1,0,1
129,7,0,0,1,0,1
129,14,0,0,0,0,0
130,1,0,0,0,1,1
130,7,0,0,1,0,1
130,14,3,2,1,1,7
131,1,0,0,0,0,0
131,7,0,0,0,0,0
131,14,0,0,0,0,0
132,1,0,0,0,0,0
132,7,0,0,0,0,0
132,14,0,0,0,2,2
133,1,0,0,0,0,0
133,7,0,1,1,0,2
133,14,0,0,1,0,1
134,1,0,1,0,0,1
134,7,0,0,0,0,0
134,14,0,0,0,0,0
135,1,0,0,0,0,0
135,7,0,0,0,0,0
135,14,0,0,0,0,0
136,1,0,2,1,0,3
136,7,0,0,0,0,0
136,14,0,0,0,1,1
137,1,0,0,0,0,0
137,7,0,0,0,0,0
137,14,0,1,0,0,1
138,1,0,0,0,1,1
138,7,0,0,0,0,0
138,14,0,0,0,0,0
139,1,0,2,0,0,2
139,7,0,0,0,0,0
139,14,3,0,2,1,6
140,1,0,0,0,0,0
140,7,0,0,0,0,0
140,14,0,0,0,0,0
141,1,0,0,0,0,0
141,7,2,1,1,1,5
141,14,0,0,1,0,1
142,1,0,0,0,0,0
142,7,0,0,0,0,0
142,14,0,0,0,1,1
143,1,0,0,0,0,0
143,7,0,0,0,0,0
143,14,0,0,1,1,2
144,1,0,1,0,1,2
144,7,0,0,0,0,0
144,14,1,0,1,1,3
145,1,0,0,0,0,0
145,7,0,0,0,0,0
145,14,1,0,0,0,1
146,1,0,0,0,0,0
146,7,0,0,0,0,0
146,14,0,1,0,0,1
147,1,0,0,0,0,0
147,7,0,0,0,0,0
147,14,0,0,0,0,0
148,1,0,0,0,0,0
148,7,0,0,0,0,0
148,14,0,0,1,0,1
149,1,0,0,0,0,0
149,7,0,0,1,0,1
149,14,3,0,1,0,4
150,1,0,0,0,0,0
150,7,0,0,0,0,0
150,14,0,0,0,1,1
151,1,0,0,0,0,0
151,7,0,0,0,0,0
151,14,0,0,1,0,1
152,1,0,0,0,0,0
152,7,0,0,0,0,0
152,14,0,0,0,0,0
153,1,0,0,1,1,2
153,7,0,0,1,0,1
153,14,2,3,1,2,8
154,1,1,1,1,0,3
154,7,1,2,2,0,5
154,14,1,1,0,1,3
155,1,0,0,0,0,0
155,7,0,0,0,0,0
155,14,0,0,0,0,0
156,1,0,0,0,1,1
156,7,0,0,0,0,0
156,14,0,0,0,0,0
157,1,0,0,1,0,1
157,7,0,1,0,0,1
157,14,2,1,0,1,4
158,1,0,0,0,0,0
158,7,0,0,0,0,0
158,14,0,0,0,0,0
159,1,0,1,0,1,2
159,7,0,0,0,0,0
159,14,0,0,1,0,1
160,1,0,0,0,1,1
160,7,0,0,0,0,0
160,14,0,0,0,0,0
161,1,0,0,0,0,0
161,7,0,0,0,0,0
161,14,1,0,0,0,1
162,1,0,0,0,0,0
162,7,0,0,0,0,0
162,14,0,1,0,0,1
163,1,0,0,0,0,0
163,7,0,0,1,0,1
163,14,0,0,0,0,0
164,1,0,0,0,0,0
164,7,0,1,0,0,1
164,14,0,0,0,0,0
165,1,0,0,0,0,0
165,7,0,1,0,0,1
165,14,0,0,0,0,0
166,1,0,0,1,0,1
166,7,0,0,0,0,0
166,14,0,1,0,1,2
167,1,0,1,0,0,1
167,7,0,0,0,0,0
167,14,0,0,0,0,0
168,1,0,0,0,0,0
168,7,0,0,0,0,0
168,14,0,0,0,0,0
169,1,1,0,0,0,1
169,7,0,0,1,1,2
169,14,0,0,0,1,1
170,1,0,0,0,0,0
170,7,0,0,0,0,0
170,14,0,0,0,0,0
171,1,0,0,0,0,0
171,7,0,0,0,0,0
171,14,0,0,0,0,0
172,1,0,0,1,0,1
172,7,0,1,0,0,1
172,14,0,0,2,0,2
173,1,1,0,0,0,1
173,7,3,0,1,1,5
173,14,2,1,0,1,4
174,1,0,0,0,0,0
174,7,0,0,1,0,1
174,14,0,0,0,1,1
175,1,0,0,0,0,0
175,7,0,0,0,0,0
175,14,0,0,0,0,0
176,1,0,1,1,0,2
176,7,1,0,0,1,2
176,14,0,0,0,0,0
177,1,0,1,0,1,2
177,7,2,1,2,0,5
177,14,0,0,1,0,1
178,1,0,1,0,1,2
178,7,1,2,1,0,4
178,14,0,0,0,0,0
179,1,0,0,0,0,0
179,7,0,1,0,0,1
179,14,0,0,0,0,0
180,1,0,0,0,0,0
180,7,0,0,0,1,1
180,14,0,0,0,1,1
181,1,0,0,0,1,1
181,7,0,0,1,0,1
181,14,0,0,0,0,0
182,1,0,0,0,0,0
182,7,0,0,0,0,0
182,14,0,0,0,1,1
183,1,0,0,0,0,0
183,7,0,0,0,0,0
183,14,0,0,0,1,1
184,1,1,1,0,0,2
184,7,1,0,2,0,3
184,14,2,1,2,1,6
185,1,0,1,0,0,1
185,7,0,0,0,0,0
185,14,0,0,0,0,0
186,1,0,0,0,0,0
186,7,0,0,0,0,0
186,14,1,0,0,0,1
187,1,0,0,0,0,0
187,7,0,0,0,0,0
187,14,0,0,0,0,0
188,1,0,0,0,0,0
188,7,0,1,0,0,1
188,14,0,0,1,0,1
189,1,0,0,0,0,0
189,7,0,0,0,0,0
189,14,0,0,0,0,0
190,1,0,0,1,1,2
190,7,3,1,1,2,7
190,14,1,1,1,0,3
191,1,0,1,0,0,1
191,7,0,0,0,0,0
191,14,0,0,0,1,1
192,1,0,0,0,0,0
192,7,0,0,0,0,0
192,14,0,0,0,0,0
193,1,0,0,0,1,1
193,7,0,0,0,1,1
193,14,0,0,0,0,0
194,1,0,0,1,0,1
194,7,0,0,0,0,0
194,14,0,1,0,0,1
195,1,0,0,0,0,0
195,7,1,0,0,1,2
195,14,2,1,0,1,4
196,1,0,0,0,0,0
196,7,0,0,0,0,0
196,14,0,1,0,0,1
197,1,0,0,0,0,0
197,7,0,0,0,1,1
197,14,0,0,0,1,1
198,1,0,0,0,0,0
198,7,0,0,0,1,1
198,14,0,1,0,0,1
199,1,0,0,0,0,0
199,7,0,0,0,0,0
199,14,0,0,0,0,0
200,1,0,0,0,0,0
200,7,0,0,0,0,0
200,14,0,0,0,0,0
201,1,0,1,0,0,1
201,7,0,0,0,0,0
201,14,0,2,0,0,2
202,1,0,0,0,1,1
202,7,0,0,0,0,0
202,14,0,0,0,0,0
203,1,0,0,0,0,0
203,7,0,0,0,0,0
203,14,0,0,1,0,1
204,1,0,0,0,0,0
204,7,0,0,1,0,1
204,14,0,0,0,0,0
205,1,0,0,0,0,0
205,7,0,0,0,0,0
205,14,0,0,0,0,0
206,1,0,1,0,0,1
206,7,0,0,0,1,1
206,14,0,1,0,0,1
207,1,0,0,2,0,2
207,7,0,0,0,0,0
207,14,0,0,0,0,0
208,1,0,0,1,0,1
208,7,0,0,0,0,0
208,14,0,0,0,0,0
209,1,0,0,0,0,0
209,7,1,0,0,1,2
209,14,0,0,1,0,1
210,1,0,0,0,0,0
210,7,1,0,0,1,2
210,14,0,0,0,0,0
211,1,0,0,0,0,0
211,7,1,0,0,0,1
211,14,2,1,1,0,4
212,1,0,0,0,0,0
212,7,0,1,1,0,2
212,14,2,0,0,0,2
213,1,0,1,1,0,2
213,7,0,0,1,0,1
213,14,0,0,0,0,0
214,1,0,0,0,0,0
214,7,0,0,0,0,0
214,14,0,0,0,0,0
215,1,0,0,0,1,1
215,7,0,0,0,0,0
215,14,0,1,0,0,1
216,1,0,0,0,0,0
216,7,0,0,0,0,0
216,14,0,0,0,0,0
217,1,0,0,0,0,0
217,7,1,0,1,1,3
217,14,0,1,0,1,2
218,1,1,1,0,0,2
218,7,0,0,0,0,0
218,14,3,1,1,1,6
219,1,0,0,0,0,0
219,7,0,0,0,0,0
219,14,0,0,0,1,1
220,1,0,0,0,0,0
220,7,0,0,0,0,0
220,14,0,0,0,1,1
221,1,1,0,0,1,2
221,7,1,0,0,0,1
221,14,1,1,1,1,4
222,1,0,0,0,0,0
222,7,0,0,0,0,0
222,14,0,0,0,0,0
223,1,0,0,0,0,0
223,7,0,0,0,0,0
223,14,0,0,0,0,0
224,1,0,0,0,1,1
224,7,0,0,0,0,0
224,14,0,0,0,0,0
225,1,0,0,0,0,0
225,7,0,0,0,0,0
225,14,1,1,0,0,2
226,1,0,1,0,0,1
226,7,0,0,0,1,1
226,14,0,1,1,2,4
227,1,0,0,0,0,0
227,7,0,0,1,0,1
227,14,0,0,0,0,0
228,1,0,0,0,0,0
228,7,0,0,0,1,1
228,14,0,0,0,0,0
229,1,0,0,1,0,1
229,7,0,0,0,1,1
229,14,0,1,0,0,1
230,1,0,1,0,0,1
230,7,0,1,0,0,1
230,14,0,1,1,1,3
231,1,1,0,0,0,1
231,7,2,1,0,1,4
231,14,0,0,0,1,1
232,1,0,0,0,0,0
232,7,0,1,0,0,1
232,14,0,1,1,0,2
233,1,0,0,0,0,0
233,7,0,0,0,0,0
233,14,0,0,0,0,0
234,1,0,0,0,0,0
234,7,1,0,0,0,1
234,14,2,0,0,0,2
235,1,0,1,0,0,1
235,7,0,0,0,1,1
235,14,0,0,0,0,0
236,1,0,0,0,0,0
236,7,0,0,0,1,1
236,14,2,1,0,1,4
237,1,0,0,0,1,1
237,7,0,0,0,0,0
237,14,0,0,0,0,0
238,1,0,0,0,0,0
238,7,0,1,0,0,1
238,14,0,0,0,1,1
239,1,0,0,0,0,0
239,7,0,0,0,0,0
239,14,0,0,0,0,0
240,1,0,0,0,0,0
240,7,0,0,1,0,1
240,14,0,0,0,0,0
241,1,0,0,0,2,2
241,7,0,1,0,0,1
241,14,2,1,3,0,6
242,1,0,0,0,0,0
242,7,1,0,2,1,4
242,14,3,0,1,2,6
243,1,0,1,0,0,1
243,7,0,0,0,0,0
243,14,0,0,0,1,1
244,1,0,0,0,0,0
244,7,0,1,1,1,3
244,14,0,1,0,1,2
245,1,1,0,0,0,1
245,7,0,0,0,1,1
245,14,0,0,0,1,1
246,1,0,0,0,0,0
246,7,0,0,0,0,0
246,14,0,0,0,0,0
247,1,1,0,2,2,5
247,7,0,0,2,0,2
247,14,0,0,0,0,0
248,1,0,0,0,0,0
248,7,0,0,0,0,0
248,14,0,0,0,0,0
249,1,0,0,0,0,0
249,7,0,1,0,0,1
249,14,0,1,0,0,1
250,1,0,0,0,0,0
250,7,0,1,1,0,2
250,14,0,0,0,1,1
251,1,0,0,0,0,0
251,7,0,1,1,0,2
251,14,0,0,0,0,0
252,1,0,0,1,0,1
252,7,0,0,0,0,0
252,14,1,0,0,1,2
253,1,0,0,0,0,0
253,7,0,1,0,0,1
253,14,0,0,0,0,0
254,1,0,1,0,0,1
254,7,0,0,0,0,0
254,14,0,1,0,0,1
255,1,0,1,0,0,1
255,7,0,0,0,0,0
255,14,0,0,0,0,0
256,1,1,0,0,1,2
256,7,0,0,0,0,0
256,14,0,0,0,0,0
257,1,0,0,0,0,0
257,7,0,0,2,0,2
257,14,2,1,3,0,6
258,1,0,1,0,0,1
258,7,0,1,0,0,1
258,14,3,0,0,0,3
259,1,0,0,0,0,0
259,7,0,0,0,0,0
259,14,0,0,0,0,0
260,1,0,0,2,0,2
260,7,0,0,0,0,0
260,14,0,0,1,0,1
261,1,0,0,0,0,0
261,7,0,0,0,1,1
261,14,0,0,0,1,1
262,1,0,0,0,0,0
262,7,0,0,1,0,1
262,14,0,0,0,0,0
263,1,0,1,0,0,1
263,7,0,0,0,0,0
263,14,0,0,0,0,0
264,1,0,0,0,0,0
264,7,0,0,0,0,0
264,14,1,0,0,1,2
265,1,0,1,0,0,1
265,7,0,0,1,0,1
265,14,0,0,2,0,2
266,1,0,0,0,0,0
266,7,0,0,0,0,0
266,14,0,1,0,0,1
267,1,0,0,0,0,0
267,7,0,1,0,0,1
267,14,0,0,0,0,0
268,1,0,1,0,0,1
268,7,0,0,0,0,0
268,14,0,1,0,0,1
269,1,0,0,0,0,0
269,7,0,1,0,0,1
269,14,0,0,0,0,0
270,1,0,1,0,0,1
270,7,0,0,0,0,0
270,14,0,1,0,0,1
271,1,0,0,0,0,0
271,7,0,0,0,0,0
271,14,0,1,0,0,1
272,1,0,0,0,0,0
272,7,2,1,1,0,4
272,14,3,1,1,1,6
273,1,0,0,0,0,0
273,7,0,0,1,0,1
273,14,1,0,1,0,2
274,1,0,0,1,0,1
274,7,1,1,1,1,4
274,14,1,0,1,0,2
275,1,0,0,0,0,0
275,7,0,1,1,0,2
275,14,1,0,0,0,1
276,1,0,0,1,0,1
276,7,1,0,0,1,2
276,14,3,0,1,3,7
277,1,0,0,0,0,0
277,7,0,0,0,0,0
277,14,0,1,0,0,1
278,1,0,0,0,0,0
278,7,0,0,0,0,0
278,14,0,1,0,0,1
279,1,0,0,1,0,1
279,7,0,0,0,0,0
279,14,0,0,0,0,0
280,1,0,0,0,0,0
280,7,0,0,1,0,1
280,14,0,0,0,0,0
281,1,0,2,0,0,2
281,7,0,0,0,0,0
281,14,0,0,0,1,1
282,1,0,0,1,0,1
282,7,0,0,0,1,1
282,14,0,0,0,0,0
283,1,0,1,2,0,3
283,7,0,0,1,0,1
283,14,0,0,0,0,0
284,1,0,0,1,0,1
284,7,0,0,1,0,1
284,14,1,1,0,0,2
285,1,0,0,0,0,0
285,7,0,0,1,1,2
285,14,0,2,0,0,2
286,1,1,0,0,0,1
286,7,1,0,0,0,1
286,14,2,0,0,0,2
287,1,0,0,0,0,0
287,7,0,0,0,0,0
287,14,0,0,0,0,0
288,1,0,0,0,0,0
288,7,0,0,0,0,0
288,14,0,0,0,0,0
289,1,0,0,0,0,0
289,7,0,0,0,1,1
289,14,0,0,0,2,2
290,1,0,0,1,1,2
290,7,0,0,0,1,1
290,14,0,0,0,0,0
291,1,0,0,1,1,2
291,7,0,1,0,0,1
291,14,3,1,2,1,7
292,1,0,0,0,0,0
292,7,0,0,0,0,0
292,14,0,0,1,0,1
293,1,0,0,0,0,0
293,7,0,1,0,0,1
293,14,0,0,1,0,1
294,1,0,0,0,0,0
294,7,0,0,0,0,0
294,14,0,0,0,0,0
295,1,0,0,0,0,0
295,7,0,0,2,0,2
295,14,0,0,0,0,0
296,1,0,2,0,0,2
296,7,0,0,0,0,0
296,14,0,0,0,0,0
297,1,0,0,0,0,0
297,7,0,0,1,1,2
297,14,0,0,0,0,0
298,1,0,0,0,0,0
298,7,0,0,0,0,0
298,14,0,0,1,0,1
299,1,0,0,1,0,1
299,7,0,0,0,0,0
299,14,3,2,2,0,7
300,1,0,1,0,0,1
300,7,0,0,0,0,0
300,14,0,0,0,0,0
301,1,0,0,0,1,1
301,7,0,0,0,0,0
301,14,0,0,0,0,0
302,1,0,1,0,0,1
302,7,0,1,1,0,2
302,14,2,0,0,0,2
303,1,1,0,1,0,2
303,7,2,2,2,0,6
303,14,0,1,0,2,3
304,1,0,0,0,0,0
304,7,0,1,0,0,1
304,14,0,1,0,0,1
305,1,1,0,0,1,2
305,7,0,1,0,0,1
305,14,2,0,0,1,3
306,1,0,1,0,0,1
306,7,0,0,0,0,0
306,14,0,0,0,0,0
307,1,1,0,0,1,2
307,7,0,0,0,0,0
307,14,0,0,0,0,0
308,1,0,0,0,0,0
308,7,0,0,0,0,0
308,14,0,0,1,0,1
309,1,0,0,0,0,0
309,7,0,1,0,0,1
309,14,0,0,0,0,0
310,1,0,0,0,0,0
310,7,0,1,0,0,1
310,14,0,0,1,0,1
311,1,0,0,0,0,0
311,7,0,1,0,0,1
311,14,3,1,1,1,6
312,1,0,0,0,0,0
312,7,0,0,0,0,0
312,14,0,0,0,1,1
313,1,0,0,0,0,0
313,7,0,0,0,0,0
313,14,0,1,2,0,3
314,1,0,0,0,0,0
314,7,0,0,0,1,1
314,14,0,0,0,0,0
315,1,0,0,0,0,0
315,7,0,0,0,0,0
315,14,0,0,0,0,0
316,1,0,0,0,0,0
316,7,0,0,0,0,0
316,14,0,0,0,0,0
317,1,0,1,0,0,1
317,7,0,0,0,0,0
317,14,0,1,0,0,1
318,1,0,0,0,0,0
318,7,0,2,0,0,2
318,14,0,1,0,0,1
319,1,0,1,0,0,1
319,7,0,0,0,0,0
319,14,0,0,0,0,0
320,1,0,0,0,0,0
320,7,0,0,0,0,0
320,14,0,0,1,0,1
321,1,0,0,0,0,0
321,7,0,0,0,0,0
321,14,2,2,1,0,5
322,1,0,0,0,0,0
322,7,0,0,0,0,0
322,14,0,0,0,0,0
323,1,0,1,0,1,2
323,7,0,0,0,0,0
323,14,0,0,0,0,0
324,1,0,2,0,0,2
324,7,0,0,1,0,1
324,14,0,0,0,0,0
325,1,0,0,0,0,0
325,7,0,0,0,0,0
325,14,0,0,0,0,0
326,1,0,2,1,0,3
326,7,0,0,0,0,0
326,14,0,0,1,0,1
327,1,0,0,0,0,0
327,7,0,1,2,0,3
327,14,0,0,0,1,1
328,1,0,0,0,0,0
328,7,0,0,0,0,0
328,14,0,0,0,0,0
329,1,0,0,1,0,1
329,7,0,0,0,0,0
329,14,0,1,0,0,1
330,1,0,0,0,0,0
330,7,0,0,0,0,0
330,14,1,0,0,0,1
331,1,0,1,0,0,1
331,7,0,0,0,0,0
331,14,0,0,0,0,0
332,1,0,0,0,0,0
332,7,0,0,0,0,0
332,14,0,0,0,1,1
333,1,0,0,0,0,0
333,7,0,0,0,2,2
333,14,0,0,0,0,0
334,1,0,0,0,0,0
334,7,2,0,1,0,3
334,14,0,0,1,2,3
335,1,1,1,0,1,3
335,7,0,0,0,0,0
335,14,0,0,0,0,0
336,1,1,0,1,0,2
336,7,2,1,0,0,3
336,14,0,0,2,0,2
337,1,0,1,0,0,1
337,7,0,0,1,0,1
337,14,0,0,0,1,1
338,1,0,0,0,0,0
338,7,0,0,0,2,2
338,14,0,1,0,0,1
339,1,0,0,0,0,0
339,7,0,1,0,0,1
339,14,0,1,0,0,1
340,1,0,0,0,0,0
340,7,0,0,0,1,1
340,14,0,0,0,0,0
341,1,0,0,0,0,0
341,7,0,0,0,0,0
341,14,2,1,1,1,5
342,1,0,1,0,0,1
342,7,0,0,0,0,0
342,14,0,0,0,0,0
343,1,0,0,1,0,1
343,7,0,0,0,0,0
343,14,0,0,1,0,1
344,1,0,0,0,0,0
344,7,0,0,0,0,0
344,14,0,0,0,0,0
345,1,0,0,0,0,0
345,7,0,0,0,0,0
345,14,0,0,0,0,0
346,1,0,0,1,0,1
346,7,0,0,0,0,0
346,14,0,0,0,0,0
347,1,0,0,0,0,0
347,7,0,0,0,0,0
347,14,0,0,1,0,1
348,1,0,0,0,0,0
348,7,0,2,1,0,3
348,14,0,0,1,0,1
349,1,0,0,0,0,0
349,7,0,1,2,1,4
349,14,0,1,1,0,2
350,1,0,0,0,0,0
350,7,0,0,0,0,0
350,14,0,0,0,0,0
351,1,0,1,2,0,3
351,7,0,0,1,0,1
351,14,2,0,1,0,3
352,1,0,1,1,2,4
352,7,0,1,0,1,2
352,14,0,1,2,0,3
353,1,0,0,0,0,0
353,7,0,2,0,2,4
353,14,1,1,0,0,2
354,1,0,0,0,0,0
354,7,0,0,0,0,0
354,14,0,0,0,0,0
355,1,0,0,0,0,0
355,7,0,0,1,0,1
355,14,0,1,0,0,1
356,1,2,1,1,1,5
356,7,1,1,1,2,5
356,14,2,0,0,0,2
357,1,0,0,0,0,0
357,7,0,0,0,0,0
357,14,0,1,0,0,1
358,1,0,0,1,0,1
358,7,0,0,0,0,0
358,14,0,0,1,1,2
359,1,0,1,0,0,1
359,7,0,0,0,0,0
359,14,0,0,0,1,1
360,1,0,0,0,0,0
360,7,0,0,0,0,0
360,14,0,0,0,0,0
361,1,0,1,0,0,1
361,7,0,0,0,0,0
361,14,0,0,0,0,0
362,1,0,0,0,0,0
362,7,0,0,0,1,1
362,14,0,0,0,0,0
363,1,0,1,0,0,1
363,7,0,0,0,0,0
363,14,0,0,0,1,1
364,1,0,0,0,0,0
364,7,0,0,0,0,0
364,14,0,0,0,0,0
365,1,0,0,0,0,0
365,7,0,0,1,0,1
365,14,0,0,0,0,0
366,1,0,0,1,0,1
366,7,0,0,0,0,0
366,14,0,1,0,1,2
367,1,0,0,1,0,1
367,7,0,1,0,0,1
367,14,0,0,1,2,3
368,1,0,1,0,0,1
368,7,0,0,0,0,0
368,14,0,1,0,0,1
369,1,0,0,0,1,1
369,7,0,0,1,0,1
369,14,0,0,0,0,0
370,1,0,0,0,0,0
370,7,0,0,0,1,1
370,14,0,0,0,0,0
371,1,0,0,1,0,1
371,7,0,0,0,0,0
371,14,0,0,0,1,1
372,1,1,0,0,0,1
372,7,2,0,1,1,4
372,14,1,2,0,1,4
373,1,0,0,0,0,0
373,7,1,0,0,1,2
373,14,0,0,0,2,2
374,1,0,0,0,0,0
374,7,0,0,0,1,1
374,14,0,0,0,0,0
375,1,0,1,1,2,4
375,7,0,0,0,0,0
375,14,0,1,0,0,1
376,1,0,0,0,0,0
376,7,0,0,0,0,0
376,14,0,0,0,0,0
377,1,0,0,0,0,0
377,7,0,0,0,0,0
377,14,0,0,1,0,1
378,1,0,1,0,0,1
378,7,0,0,0,0,0
378,14,3,0,0,0,3
379,1,0,1,0,1,2
379,7,0,0,1,0,1
379,14,0,0,0,0,0
380,1,0,0,0,0,0
380,7,0,0,0,0,0
380,14,0,0,0,1,1
381,1,0,0,0,0,0
381,7,0,1,0,1,2
381,14,2,1,1,2,6
382,1,0,0,0,0,0
382,7,0,0,0,1,1
382,14,0,0,0,0,0
383,1,0,1,1,1,3
383,7,0,1,1,0,2
383,14,0,0,0,1,1
384,1,0,0,0,0,0
384,7,0,1,0,0,1
384,14,0,0,1,0,1
385,1,0,1,0,0,1
385,7,0,0,0,0,0
385,14,0,1,0,0,1
386,1,0,0,0,0,0
386,7,0,0,0,0,0
386,14,0,1,0,1,2
387,1,0,0,0,0,0
387,7,0,0,0,0,0
387,14,0,0,0,0,0
388,1,0,0,1,0,1
388,7,0,1,0,0,1
388,14,0,0,0,1,1
389,1,0,0,0,0,0
389,7,0,0,1,0,1
389,14,0,0,0,0,0
390,1,0,0,0,0,0
390,7,0,0,0,0,0
390,14,0,1,0,1,2
391,1,0,0,0,0,0
391,7,2,0,0,2,4
391,14,0,0,0,1,1
392,1,0,0,0,0,0
392,7,0,0,0,0,0
392,14,0,0,0,0,0
393,1,0,0,1,0,1
393,7,0,0,0,0,0
393,14,0,0,0,0,0
394,1,0,0,0,0,0
394,7,0,0,0,0,0
394,14,0,0,0,0,0
395,1,0,0,0,1,1
395,7,0,0,0,1,1
395,14,0,0,0,0,0
396,1,0,0,1,0,1
396,7,0,0,0,0,0
396,14,0,0,0,0,0
397,1,0,0,0,0,0
397,7,0,0,0,0,0
397,14,0,1,0,0,1
398,1,0,0,0,0,0
398,7,0,0,0,0,0
398,14,0,0,0,0,0
399,1,0,0,0,0,0
399,7,0,0,0,0,0
399,14,0,0,2,0,2
400,1,0,0,0,0,0
400,7,0,0,0,1,1
400,14,0,0,1,0,1
401,1,0,0,0,0,0
401,7,0,0,0,0,0
401,14,0,0,0,0,0
402,1,0,0,1,0,1
402,7,0,0,0,0,0
402,14,0,0,0,1,1
403,1,0,0,0,0,0
403,7,0,0,0,1,1
403,14,0,0,1,1,2
404,1,0,0,0,1,1
404,7,0,0,0,0,0
404,14,0,0,0,0,0
405,1,0,0,0,0,0
405,7,0,0,0,0,0
405,14,0,0,1,0,1
406,1,0,1,0,0,1
406,7,0,0,0,0,0
406,14,0,0,0,1,1
407,1,0,0,0,0,0
407,7,0,0,0,0,0
407,14,0,0,0,0,0
408,1,0,1,0,1,2
408,7,1,0,0,0,1
408,14,1,0,0,1,2
409,1,0,1,0,0,1
409,7,0,1,1,1,3
409,14,1,0,1,0,2
410,1,0,0,0,0,0
410,7,0,0,0,1,1
410,14,0,0,0,0,0
411,1,0,0,1,0,1
411,7,0,0,0,0,0
411,14,0,0,0,0,0
412,1,0,0,0,0,0
412,7,0,0,0,0,0
412,14,0,0,0,1,1
413,1,0,0,0,0,0
413,7,0,0,0,1,1
413,14,0,0,0,0,0
414,1,0,0,0,0,0
414,7,0,0,0,1,1
414,14,0,0,0,0,0
415,1,0,0,0,0,0
415,7,2,0,1,0,3
415,14,2,0,0,0,2
416,1,0,0,0,0,0
416,7,0,0,0,0,0
416,14,0,1,0,1,2
417,1,0,0,0,1,1
417,7,0,2,0,0,2
417,14,0,1,1,0,2
418,1,0,0,1,0,1
418,7,0,0,0,0,0
418,14,0,0,0,0,0
419,1,0,0,0,0,0
419,7,0,0,0,0,0
419,14,0,0,0,1,1
420,1,0,0,1,0,1
420,7,0,0,1,0,1
420,14,1,0,0,0,1
421,1,0,1,0,0,1
421,7,0,0,0,0,0
421,14,0,0,0,1,1
422,1,0,0,0,0,0
422,7,0,0,0,0,0
422,14,0,0,0,0,0
423,1,0,0,0,0,0
423,7,0,0,0,0,0
423,14,0,0,0,0,0
424,1,0,0,0,0,0
424,7,0,1,0,0,1
424,14,0,0,0,1,1
425,1,0,0,0,0,0
425,7,0,0,0,0,0
425,14,0,1,0,0,1
426,1,0,0,0,0,0
426,7,1,1,0,1,3
426,14,0,0,0,0,0
427,1,0,0,0,0,0
427,7,0,0,0,0,0
427,14,0,0,0,0,0
428,1,0,1,0,0,1
428,7,0,1,0,0,1
428,14,0,1,1,1,3
429,1,0,0,0,0,0
429,7,0,0,0,0,0
429,14,0,1,1,0,2
430,1,0,0,0,0,0
430,7,0,0,0,0,0
430,14,2,0,0,0,2
431,1,0,0,0,0,0
431,7,0,0,1,1,2
431,14,0,0,0,2,2
432,1,0,1,1,0,2
432,7,1,1,0,0,2
432,14,1,0,0,1,2
433,1,0,0,0,1,1
433,7,0,0,1,1,2
433,14,2,2,0,0,4
434,1,0,0,0,0,0
434,7,0,0,0,1,1
434,14,0,1,0,0,1
435,1,0,0,0,1,1
435,7,0,0,1,0,1
435,14,0,0,1,1,2
436,1,0,0,0,1,1
436,7,0,0,0,1,1
436,14,0,0,0,1,1
437,1,0,0,0,0,0
437,7,0,0,0,0,0
437,14,0,0,0,1,1
438,1,0,0,0,0,0
438,7,0,0,0,0,0
438,14,2,0,1,2,5
439,1,0,0,0,0,0
439,7,0,0,0,0,0
439,14,0,0,0,0,0
440,1,0,0,1,0,1
440,7,0,0,0,0,0
440,14,1,0,2,0,3
441,1,0,2,1,0,3
441,7,0,0,0,0,0
441,14,0,0,0,0,0
442,1,0,0,0,0,0
442,7,0,0,0,1,1
442,14,0,0,0,0,0
443,1,0,0,0,0,0
443,7,0,0,0,1,1
443,14,0,0,0,1,1
444,1,0,0,0,0,0
444,7,0,0,1,0,1
444,14,0,0,0,0,0
445,1,0,0,0,0,0
445,7,2,0,0,0,2
445,14,2,1,0,0,3
446,1,0,0,0,0,0
446,7,0,1,0,0,1
446,14,0,0,0,0,0
447,1,0,1,0,0,1
447,7,0,1,0,0,1
447,14,0,1,0,0,1
448,1,0,1,0,0,1
448,7,0,0,0,0,0
448,14,0,0,0,0,0
449,1,0,1,0,0,1
449,7,1,0,0,0,1
449,14,3,1,1,2,7
450,1,0,1,0,0,1
450,7,1,0,0,0,1
450,14,3,1,3,0,7
451,1,0,0,0,0,0
451,7,0,1,0,0,1
451,14,0,0,0,0,0
452,1,0,1,0,0,1
452,7,0,0,0,0,0
452,14,0,1,0,1,2
453,1,0,0,0,1,1
453,7,0,0,0,0,0
453,14,0,0,0,0,0
454,1,0,0,0,0,0
454,7,0,0,1,0,1
454,14,0,0,0,0,0
455,1,0,2,0,2,4
455,7,0,1,0,1,2
455,14,0,0,0,0,0
456,1,0,1,0,0,1
456,7,0,1,0,0,1
456,14,0,0,0,0,0
457,1,0,0,0,0,0
457,7,0,0,0,0,0
457,14,0,0,0,0,0
458,1,0,0,2,2,4
458,7,0,0,0,0,0
458,14,0,0,0,0,0
459,1,0,0,0,0,0
459,7,0,0,0,0,0
459,14,0,0,1,0,1
460,1,0,0,0,0,0
460,7,0,0,0,0,0
460,14,0,0,1,0,1
461,1,0,1,0,0,1
461,7,0,0,0,0,0
461,14,0,0,0,1,1
462,1,0,0,0,0,0
462,7,0,0,0,1,1
462,14,0,0,0,0,0
463,1,0,1,0,0,1
463,7,0,0,0,0,0
463,14,0,0,0,0,0
464,1,0,0,1,0,1
464,7,0,0,2,0,2
464,14,2,1,0,3,6
465,1,0,0,0,0,0
465,7,0,0,0,0,0
465,14,0,0,0,0,0
466,1,0,0,0,0,0
466,7,0,0,0,0,0
466,14,0,0,0,2,2
467,1,0,0,1,0,1
467,7,0,1,0,1,2
467,14,0,0,0,0,0
468,1,0,0,0,0,0
468,7,0,0,0,0,0
468,14,0,0,0,1,1
469,1,0,0,0,0,0
469,7,0,1,1,0,2
469,14,3,2,0,2,7
470,1,0,0,0,0,0
470,7,0,0,0,0,0
470,14,0,0,0,0,0
471,1,0,0,1,0,1
471,7,0,0,0,0,0
471,14,0,0,0,0,0
472,1,2,3,0,0,5
472,7,2,1,2,1,6
472,14,1,0,1,0,2
473,1,0,0,0,0,0
473,7,0,0,0,0,0
473,14,0,0,1,0,1
474,1,0,0,0,0,0
474,7,0,1,0,0,1
474,14,0,0,2,0,2
475,1,0,0,0,0,0
475,7,0,0,0,1,1
475,14,0,0,1,1,2
476,1,0,0,0,0,0
476,7,0,0,0,0,0
476,14,0,0,1,0,1
477,1,0,0,0,2,2
477,7,0,1,0,0,1
477,14,0,0,1,0,1
478,1,0,0,0,0,0
478,7,0,1,1,0,2
478,14,0,0,0,0,0
479,1,0,0,0,0,0
479,7,0,0,0,0,0
479,14,0,0,0,0,0
480,1,0,0,1,0,1
480,7,1,0,1,0,2
480,14,1,1,0,0,2
481,1,0,0,0,0,0
481,7,0,0,0,0,0
481,14,0,0,1,0,1
482,1,0,1,0,0,1
482,7,0,0,0,0,0
482,14,1,0,1,1,3
483,1,0,0,0,0,0
483,7,0,0,0,0,0
483,14,0,0,0,0,0
484,1,0,0,0,0,0
484,7,0,1,2,0,3
484,14,0,1,0,1,2
485,1,0,1,1,0,2
485,7,2,1,0,1,4
485,14,2,0,0,1,3
486,1,0,0,0,0,0
486,7,0,0,0,1,1
486,14,0,0,0,0,0
487,1,0,0,0,0,0
487,7,0,1,1,0,2
487,14,0,0,0,0,0
488,1,0,0,0,0,0
488,7,0,0,0,0,0
488,14,0,0,0,0,0
489,1,0,0,0,0,0
489,7,0,0,0,0,0
489,14,0,0,0,0,0
490,1,0,0,0,0,0
490,7,0,0,0,0,0
490,14,0,0,0,0,0
491,1,0,0,0,0,0
491,7,0,0,1,0,1
491,14,0,0,0,2,2
492,1,0,0,0,0,0
492,7,0,0,0,0,0
492,14,0,0,0,0,0
493,1,0,0,0,1,1
493,7,0,0,1,0,1
493,14,0,0,0,0,0
494,1,0,0,0,0,0
494,7,0,0,0,0,0
494,14,0,1,0,0,1
495,1,0,0,0,0,0
495,7,0,0,0,0,0
495,14,0,0,0,0,0
496,1,0,0,0,0,0
496,7,0,0,0,0,0
496,14,0,1,0,0,1
497,1,0,1,0,0,1
497,7,0,0,0,0,0
497,14,0,0,0,0,0
498,1,0,1,0,0,1
498,7,3,1,2,1,7
498,14,0,0,1,1,2
499,1,0,0,0,0,0
499,7,0,0,0,0,0
499,14,0,0,1,0,1
